id_defecto,id_tipo_defecto,id_acero,id_banda_tamano,area_px2,log_area,perimetro_x,perimetro_y,luminosidad_suma,luminosidad_min,luminosidad_max,longitud_transportador,indice_bordes,indice_vacio,indice_luminosidad
0,1,5,3,267,2.4265,17,44,24220,76,108,1687,0.0498,0.2415,-0.2913
1,1,5,2,108,2.0334,10,30,11397,84,123,1687,0.7647,0.3793,-0.1756
2,1,7,2,71,1.8513,8,19,7972,99,125,1623,0.971,0.3426,-0.1228
3,1,31,2,176,2.2455,13,45,18996,99,126,1353,0.7287,0.4413,-0.1568
4,1,27,4,2409,3.3818,60,260,246930,37,126,1353,0.0695,0.4486,-0.1992
5,1,14,3,630,2.7993,20,87,62357,64,127,1387,0.62,0.3417,-0.2267
6,1,24,5,9052,3.9567,230,432,1481991,23,199,1687,0.4896,0.339,0.2791
7,1,24,2,132,2.1206,11,20,20007,124,172,1687,0.2253,0.34,0.1841
8,1,24,3,264,2.4216,15,26,29748,53,148,1687,0.3912,0.2189,-0.1197
9,1,24,4,1506,3.1778,46,167,180215,53,143,1687,0.0877,0.4261,-0.0651
10,1,24,3,442,2.6454,13,48,50393,76,143,1687,0.1257,0.2326,-0.1093
11,1,24,3,284,2.4533,42,69,31062,97,119,1687,0.5987,0.5562,-0.1455
12,1,24,3,480,2.6812,15,54,61966,102,158,1687,0.0545,0.2593,0.0086
13,1,24,3,433,2.6365,22,60,38917,62,111,1687,0.6888,0.1981,-0.2978
14,1,24,3,728,2.8621,30,68,69258,36,133,1687,0.5347,0.2533,-0.2568
15,1,24,4,1097,3.0402,59,133,119540,50,134,1687,0.7931,0.446,-0.1487
16,1,24,5,5044,3.7028,167,282,570911,11,143,1687,0.1849,0.4772,-0.1157
17,1,24,3,552,2.7419,38,76,59750,79,134,1687,0.1067,0.4599,-0.1543
18,1,24,2,137,2.1367,8,25,14907,92,126,1687,0.0972,0.2171,-0.1499
19,1,28,3,209,2.3201,15,27,24807,96,141,1687,0.0877,0.3549,-0.0727
20,1,28,3,284,2.4533,18,34,32604,87,141,1687,0.0202,0.2406,-0.1031
21,1,28,2,153,2.1847,13,29,17753,101,134,1687,0.051,0.4138,-0.0935
22,1,28,2,106,2.0253,10,19,13829,107,150,1687,0.0747,0.3801,0.0192
23,1,28,3,264,2.4216,15,39,32175,92,141,1687,0.0972,0.3231,-0.0479
24,1,28,3,201,2.3032,17,35,27349,123,148,1687,0.0889,0.3232,0.063
25,1,14,2,171,2.233,9,23,16645,77,111,1373,0.0015,0.1739,-0.2395
26,1,14,3,395,2.5966,19,39,38722,75,118,1373,0.0015,0.2766,-0.2341
27,1,14,2,85,1.9294,9,18,8948,97,119,1627,0.2668,0.213,-0.1776
28,1,14,4,3214,3.5071,92,253,368381,33,140,1373,0.1034,0.3902,-0.1045
29,1,14,3,386,2.5866,15,38,36875,51,124,1373,0.0714,0.2186,-0.2537
30,1,14,2,182,2.2601,9,33,20751,99,132,1373,0.7808,0.2121,-0.1093
31,1,14,3,527,2.7218,19,63,48793,47,125,1387,0.1312,0.3565,-0.2767
32,1,14,2,158,2.1987,9,24,16680,80,119,1387,0.2322,0.0595,-0.1752
33,1,15,3,214,2.3304,10,28,19762,70,111,1387,0.0707,0.2357,-0.2785
34,1,15,3,994,2.9974,29,62,68851,15,119,1387,0.1629,0.3029,-0.4588
35,1,15,3,367,2.5647,16,43,35856,55,127,1387,0.9257,0.2888,-0.2367
36,1,17,3,320,2.5052,15,39,32705,55,125,1353,0.0177,0.3162,-0.2015
37,1,17,3,378,2.5775,34,72,43323,77,135,1353,0.2395,0.4676,-0.1046
38,1,14,3,210,2.3222,36,48,17413,73,100,1333,0.0,0.5625,-0.3522
39,1,30,3,201,2.3032,22,23,20993,79,126,1633,0.0049,0.2717,-0.184
40,1,28,3,386,2.5866,35,54,44712,90,132,1687,0.6224,0.2852,-0.095
41,1,17,3,324,2.5106,30,36,30269,65,124,1353,0.1212,0.25,-0.2701
42,1,14,3,234,2.3692,20,26,23207,66,124,1627,0.086,0.25,-0.2252
43,1,14,3,340,2.5315,30,50,34655,88,116,1627,0.0455,0.32,-0.2037
44,1,2,2,98,1.9912,16,21,10784,96,132,1690,0.5325,0.4167,-0.1403
45,1,2,3,267,2.4265,43,49,22785,67,110,1690,0.0663,0.3946,-0.3333
46,1,2,2,56,1.7482,12,13,5587,85,116,1686,0.2183,0.3846,-0.2206
47,1,2,2,71,1.8513,11,17,7502,91,124,1682,0.8537,0.3039,-0.1745
48,1,2,2,90,1.9542,14,12,7525,67,100,1688,0.1659,0.375,-0.3468
49,1,2,2,55,1.7404,9,11,6124,95,125,1690,0.9231,0.2857,-0.1301
50,1,2,2,58,1.7634,9,13,6567,100,132,1690,0.6426,0.3626,-0.1154
51,1,2,3,567,2.7536,47,66,46365,51,109,1690,0.0154,0.219,-0.3611
52,1,2,2,182,2.2601,20,27,16337,72,109,1688,0.013,0.251,-0.2987
53,1,3,2,154,2.1875,20,24,13678,69,108,1650,0.0618,0.3583,-0.3061
54,1,3,2,188,2.2742,20,34,20528,95,125,1648,0.9284,0.3856,-0.1469
55,1,3,2,146,2.1644,20,27,15572,88,126,1646,0.4484,0.3992,-0.1667
56,1,3,2,51,1.7076,14,7,6902,120,149,1650,0.4036,0.3462,0.0573
57,1,7,2,184,2.2648,25,30,18593,85,119,1650,0.4254,0.4889,-0.2106
58,1,7,2,67,1.8261,10,12,7416,94,132,1710,0.7181,0.3021,-0.1353
59,1,7,2,64,1.8062,10,15,7013,99,123,1360,0.1456,0.2889,-0.1439
60,1,7,2,53,1.7243,10,10,5039,81,111,1360,0.95,0.2429,-0.2572
61,1,8,2,60,1.7781,10,11,6863,100,132,1362,0.2482,0.2208,-0.1064
62,1,8,2,76,1.8808,14,11,8063,84,126,1362,0.9192,0.2323,-0.1712
63,1,7,2,66,1.8195,9,12,6625,87,118,1632,0.1495,0.2143,-0.2158
64,1,7,2,70,1.8451,9,11,7846,99,127,1632,0.5772,0.2929,-0.1243
65,1,7,3,382,2.5821,43,60,38206,77,118,1632,0.1103,0.2926,-0.2186
66,1,7,2,110,2.0414,13,20,11126,84,116,1630,0.9669,0.3125,-0.2098
67,1,7,2,51,1.7076,8,13,5369,95,116,1654,0.0411,0.3462,-0.1775
68,1,7,2,63,1.7993,15,14,5232,73,94,1656,0.0531,0.4375,-0.3512
69,1,7,2,56,1.7482,12,9,4674,71,101,1656,0.0459,0.2222,-0.3479
70,1,7,2,89,1.9494,14,13,7804,77,100,1658,0.0362,0.3776,-0.315
71,1,7,2,190,2.2787,21,28,18416,81,116,1648,0.0607,0.246,-0.2428
72,1,7,2,81,1.9085,15,20,8709,99,119,1656,0.5821,0.4938,-0.16
73,1,12,2,63,1.7993,17,18,4616,58,93,1694,0.7332,0.4167,-0.4276
74,1,12,2,60,1.7781,9,12,4585,62,92,1694,0.7355,0.375,-0.403
75,1,9,1,30,1.4771,8,6,3022,80,116,1692,0.5272,0.2857,-0.213
76,1,9,3,209,2.3201,24,31,24034,90,143,1692,0.4433,0.2509,-0.1016
77,1,5,2,156,2.1931,20,23,18654,101,141,1352,0.1849,0.2464,-0.0658
78,1,14,4,2643,3.4221,165,285,300024,64,140,1400,0.1771,0.4121,-0.1132
79,1,14,4,2145,3.3314,134,201,228995,16,133,1380,0.0594,0.4012,-0.166
80,1,14,4,1421,3.1526,142,185,141034,47,126,1666,0.9808,0.6708,-0.2246
81,1,14,2,103,2.0128,13,17,11430,97,126,1666,0.97,0.2427,-0.133
82,1,16,1,40,1.6021,11,7,4014,89,111,1364,0.0425,0.2857,-0.216
83,1,16,5,10914,4.038,481,604,1096282,21,141,1362,0.094,0.4103,-0.2153
84,1,28,2,135,2.1303,18,16,10915,55,97,1360,0.0838,0.2969,-0.3683
85,1,29,2,114,2.0569,14,17,13173,94,140,1392,0.6638,0.2083,-0.0972
86,1,29,2,82,1.9138,13,20,9671,106,128,1392,0.7974,0.4143,-0.0786
87,1,14,3,275,2.4393,19,32,28986,78,127,1362,0.2188,0.2839,-0.1765
88,1,14,3,289,2.4609,25,36,32134,92,132,1364,0.1848,0.2702,-0.1313
89,1,14,3,313,2.4955,36,39,35005,68,135,1364,0.5719,0.465,-0.1263
90,1,14,3,437,2.6405,36,52,44883,63,132,1364,0.4692,0.3535,-0.1976
91,1,14,3,759,2.8802,45,69,67978,44,124,1362,0.0499,0.3529,-0.3003
92,1,14,3,677,2.8306,44,67,67597,72,124,1360,0.2338,0.2227,-0.2199
93,1,19,3,211,2.3243,18,22,17820,49,109,1364,0.1261,0.2622,-0.3402
94,1,19,2,52,1.716,9,7,5049,87,109,1366,0.0205,0.1746,-0.2414
95,1,14,3,261,2.4166,28,29,28261,91,126,1358,0.8203,0.3077,-0.1541
96,1,17,2,135,2.1303,18,26,15385,103,126,1690,0.7385,0.351,-0.1097
97,1,17,2,181,2.2577,29,43,20264,99,125,1690,0.9231,0.3987,-0.1253
98,1,17,2,109,2.0374,15,19,12212,100,127,1694,0.8442,0.2829,-0.1247
99,1,17,2,102,2.0086,11,16,11385,95,127,1692,0.4421,0.2031,-0.128
100,1,17,2,51,1.7076,8,12,5999,111,135,1692,0.7778,0.3929,-0.081
101,1,17,2,134,2.1271,13,21,13356,89,111,1690,0.1491,0.3619,-0.2213
102,1,20,3,266,2.4249,23,28,24547,49,126,1626,0.2202,0.3214,-0.279
103,1,25,3,970,2.9868,57,103,97514,66,133,1362,0.5433,0.2152,-0.2146
104,1,21,3,515,2.7118,32,57,41622,46,108,1632,0.049,0.305,-0.3686
105,1,21,2,116,2.0645,17,15,11656,71,127,1634,0.2754,0.2267,-0.215
106,1,21,4,2490,3.3962,146,197,283038,19,141,1634,0.1812,0.3981,-0.112
107,1,21,3,251,2.3997,22,28,28050,89,140,1632,0.3174,0.3104,-0.1269
108,1,21,2,165,2.2175,22,26,18742,87,134,1626,0.5646,0.4271,-0.1126
109,1,14,2,112,2.0492,16,17,11439,84,127,1358,0.0353,0.268,-0.2021
110,1,15,3,208,2.3181,24,32,22478,84,126,1350,0.117,0.4091,-0.1557
111,1,15,3,337,2.5276,26,35,33379,68,125,1354,0.1418,0.2593,-0.2262
112,1,18,2,167,2.2227,24,28,9559,23,94,1698,0.0024,0.3373,-0.5528
113,1,18,3,200,2.301,24,32,21691,90,125,1696,0.2123,0.3056,-0.1527
114,1,18,3,359,2.5551,29,84,19226,30,93,1696,0.0024,0.2877,-0.5816
115,1,18,3,349,2.5428,33,70,24697,45,95,1698,0.0071,0.2878,-0.4471
116,1,18,2,140,2.1461,12,30,9253,38,101,1698,0.0047,0.3333,-0.4836
117,1,18,3,379,2.5786,35,45,37695,80,124,1700,0.1376,0.2982,-0.223
118,1,18,2,121,2.0828,13,20,13345,89,134,1698,0.8916,0.3278,-0.1384
119,1,18,3,762,2.8819,63,86,78455,88,124,1698,0.1355,0.4024,-0.1956
120,1,18,3,861,2.935,78,98,90154,91,126,1696,0.1309,0.3724,-0.182
121,1,18,3,335,2.525,37,42,32766,86,124,1696,0.1262,0.4303,-0.2359
122,1,18,3,242,2.3838,24,33,24672,90,119,1698,0.1272,0.3333,-0.2035
123,1,18,3,264,2.4216,26,30,25531,64,126,1696,0.3408,0.2667,-0.2445
124,1,18,2,134,2.1271,20,27,14605,94,125,1694,0.0059,0.3796,-0.1485
125,1,18,3,372,2.5705,56,70,37930,77,125,1696,0.125,0.5507,-0.2034
126,1,18,3,794,2.8998,59,87,84410,62,127,1696,0.1002,0.4296,-0.1694
127,1,18,3,227,2.356,28,32,23706,77,127,1698,0.0118,0.4089,-0.1841
128,1,18,3,927,2.9671,65,103,89508,68,127,1698,0.106,0.3941,-0.2456
129,1,18,3,227,2.356,22,31,21864,74,126,1698,0.0106,0.1864,-0.2475
130,1,18,3,271,2.433,35,45,28268,85,127,1700,0.2188,0.3157,-0.1851
131,1,18,3,771,2.887,50,89,76380,63,127,1698,0.2474,0.5187,-0.2261
132,1,18,3,471,2.673,37,54,43880,62,125,1698,0.0495,0.3291,-0.2722
133,1,18,3,285,2.4548,24,32,29895,81,126,1698,0.1508,0.4063,-0.1805
134,1,4,2,120,2.0792,17,23,12238,84,124,1688,0.8969,0.3478,-0.2033
135,1,4,4,4686,3.6708,251,427,454421,30,133,1688,0.154,0.3889,-0.2424
136,1,14,2,70,1.8451,15,18,8051,106,127,1356,0.1475,0.2222,-0.1015
137,1,14,2,180,2.2553,18,26,19118,80,127,1362,0.1219,0.2308,-0.1702
138,1,16,2,170,2.2304,18,23,18052,79,127,1698,0.4417,0.3281,-0.1704
139,1,16,2,83,1.9191,14,20,9917,110,134,1696,0.6533,0.3083,-0.0666
140,1,5,4,2705,3.4322,213,359,197957,28,126,1364,0.6613,0.4573,-0.4283
141,1,7,2,177,2.248,15,50,17388,65,126,1360,0.0353,0.292,-0.2325
142,1,14,3,221,2.3444,26,31,22508,66,125,1358,0.2533,0.3519,-0.2043
143,1,14,2,109,2.0374,16,18,11573,89,126,1358,0.0442,0.2431,-0.1705
144,1,14,2,104,2.017,14,14,11748,84,135,1362,0.5712,0.2571,-0.1175
145,1,14,4,3319,3.521,221,357,363821,37,133,1360,0.6618,0.4189,-0.1436
146,1,14,3,501,2.6998,33,53,46520,49,127,1358,0.0604,0.2729,-0.2746
147,1,14,3,291,2.4639,20,33,28711,68,126,1358,0.4345,0.3217,-0.2292
148,1,14,3,444,2.6474,43,61,45269,78,126,1360,0.3941,0.3383,-0.2035
149,1,14,3,258,2.4116,27,31,26902,75,125,1360,0.0912,0.3065,-0.1854
150,1,4,2,168,2.2253,24,28,20267,102,143,1360,0.0265,0.25,-0.0575
151,1,4,2,136,2.1335,19,19,16571,99,143,1358,0.0236,0.2842,-0.0481
152,1,4,2,119,2.0756,26,26,14471,97,143,1358,0.028,0.4915,-0.05
153,1,4,3,257,2.4099,21,34,31058,91,151,1356,0.0236,0.2441,-0.0559
154,1,4,3,265,2.4232,47,56,34055,106,156,1358,0.0206,0.4647,0.004
155,1,4,2,105,2.0212,18,24,13943,120,150,1358,0.0192,0.4531,0.0374
156,1,4,2,154,2.1875,20,22,19711,103,156,1358,0.0221,0.2222,0.0
157,1,4,2,145,2.1614,18,21,18695,101,156,1358,0.025,0.2328,0.0073
158,2,7,2,123,2.0899,33,17,15858,116,143,1708,0.6124,0.5376,0.0072
159,2,4,2,56,1.7482,13,6,6632,108,132,1354,0.0103,0.2222,-0.0748
160,2,4,3,226,2.3541,33,31,25563,100,132,1354,0.0547,0.435,-0.1163
161,2,4,3,436,2.6395,41,56,39043,71,117,1354,0.0576,0.3512,-0.3004
162,2,4,2,84,1.9243,19,11,9155,99,118,1354,0.2851,0.3636,-0.1485
163,2,4,2,63,1.7993,20,15,7752,109,140,1354,0.2142,0.625,-0.0387
164,2,4,4,1590,3.2014,143,172,154035,80,116,1354,0.0576,0.552,-0.2431
165,2,4,4,2267,3.3554,201,161,248809,96,127,1354,0.2083,0.6213,-0.1426
166,2,4,3,521,2.7168,90,54,62926,104,135,1354,0.1004,0.6764,-0.0564
167,2,4,3,395,2.5966,54,59,41476,92,127,1356,0.1195,0.4475,-0.1797
168,2,4,3,353,2.5478,53,56,32335,79,118,1352,0.0,0.5847,-0.2844
169,2,4,3,205,2.3117,33,36,22913,98,125,1354,0.1389,0.5119,-0.1268
170,2,4,2,135,2.1303,16,23,8781,46,86,1356,0.0148,0.3864,-0.4918
171,2,4,3,294,2.4683,35,42,20642,47,95,1356,0.0044,0.4167,-0.4515
172,2,4,2,71,1.8513,12,13,6820,86,110,1356,0.0236,0.3173,-0.2496
173,2,4,2,56,1.7482,16,19,6593,109,126,1354,0.2127,0.4815,-0.0802
174,2,4,2,54,1.7324,17,15,5912,97,132,1354,0.0443,0.5714,-0.1447
175,2,4,3,400,2.6021,49,42,35427,78,101,1356,0.0929,0.3808,-0.3081
176,2,4,2,82,1.9138,22,21,9467,105,127,1358,0.2445,0.4306,-0.098
177,2,4,2,69,1.8389,14,14,7659,98,125,1358,0.2327,0.5071,-0.1328
178,2,4,2,114,2.0569,38,21,13595,106,134,1354,0.257,0.525,-0.0683
179,2,4,2,158,2.1987,28,19,15719,89,111,1354,0.7577,0.4803,-0.2228
180,2,4,2,57,1.7559,15,12,4557,70,93,1354,0.0369,0.6042,-0.3754
181,2,4,2,74,1.8692,15,11,4347,36,84,1356,0.0133,0.2525,-0.5411
182,2,4,2,75,1.8751,23,12,8535,104,127,1356,0.2729,0.5536,-0.1109
183,2,4,3,787,2.896,94,94,85268,94,124,1356,0.1976,0.5888,-0.1535
184,2,4,5,5027,3.7013,748,403,611544,93,143,1358,0.1193,0.7566,-0.0496
185,2,4,3,353,2.5478,65,40,34230,84,111,1356,0.5678,0.5204,-0.2424
186,2,4,2,59,1.7708,13,12,5608,85,103,1354,0.0502,0.3854,-0.2574
187,2,4,2,74,1.8692,19,13,8915,109,132,1354,0.2866,0.5256,-0.0588
188,2,4,2,55,1.7404,12,7,6106,101,124,1356,0.3835,0.3452,-0.1327
189,2,4,3,397,2.5988,50,56,21964,33,84,1354,0.0015,0.5006,-0.5678
190,2,4,2,123,2.0899,28,16,13148,95,118,1356,0.3319,0.4115,-0.1649
191,2,4,2,78,1.8921,24,12,8388,95,119,1356,0.5443,0.3554,-0.1599
192,2,4,2,63,1.7993,17,17,6374,90,116,1356,0.6431,0.3823,-0.2096
193,2,4,2,170,2.2304,28,25,20000,105,126,1356,0.7463,0.4551,-0.0809
194,2,4,2,124,2.0934,18,20,13549,97,124,1352,0.1612,0.4833,-0.1464
195,2,4,3,884,2.9464,106,98,83716,77,118,1356,0.0723,0.4177,-0.2601
196,2,4,2,139,2.143,21,27,8233,40,78,1356,0.0752,0.4852,-0.5373
197,2,4,3,444,2.6474,58,50,51661,97,134,1358,0.5847,0.5067,-0.091
198,2,4,2,112,2.0492,23,17,11154,87,111,1356,0.941,0.5333,-0.222
199,2,4,2,71,1.8513,15,10,8824,113,135,1358,0.5965,0.2828,-0.0291
200,2,4,2,77,1.8865,15,20,8235,97,124,1356,0.1991,0.45,-0.1645
201,2,4,3,812,2.9096,93,120,60260,51,93,1358,0.0,0.5167,-0.4202
202,2,4,4,2904,3.463,197,207,145129,22,86,1358,0.0147,0.5551,-0.6096
203,2,4,3,964,2.9841,106,103,53750,29,84,1356,0.0148,0.5436,-0.5644
204,2,4,3,521,2.7168,61,67,31515,43,78,1358,0.0118,0.6461,-0.5274
205,2,4,3,938,2.9722,117,94,110127,102,133,1356,0.3186,0.6322,-0.0828
206,2,4,4,4315,3.635,470,380,479002,82,148,1354,0.0502,0.8648,-0.1328
207,2,4,3,995,2.9978,70,90,110993,95,133,1354,0.3338,0.5084,-0.1285
208,2,4,3,585,2.7672,101,56,63194,96,125,1352,0.2574,0.4265,-0.1561
209,2,4,5,7292,3.8628,466,536,608995,43,108,1352,0.0,0.496,-0.3475
210,2,4,4,1014,3.006,96,102,61231,40,79,1356,0.003,0.5391,-0.5282
211,2,4,4,1784,3.2514,90,99,202537,95,135,1354,0.2378,0.4005,-0.113
212,2,4,3,573,2.7582,67,62,60005,90,126,1354,0.1817,0.4974,-0.1819
213,2,4,4,2875,3.4586,202,161,316233,82,133,1352,0.0962,0.4457,-0.1407
214,2,4,4,2483,3.395,107,129,198389,44,101,1354,0.0399,0.3095,-0.3758
215,2,4,3,709,2.8507,84,55,83627,105,132,1352,0.3609,0.4422,-0.0785
216,2,4,4,1148,3.0599,85,94,121595,89,132,1354,0.2127,0.3247,-0.1725
217,2,4,4,3811,3.581,235,230,365943,78,124,1358,0.2032,0.557,-0.2498
218,2,4,3,613,2.7875,95,77,63480,90,117,1356,0.0974,0.4875,-0.191
219,2,4,3,540,2.7324,69,70,66181,110,135,1354,0.2482,0.398,-0.0425
220,2,4,3,694,2.8414,60,53,77691,94,127,1354,0.2482,0.5876,-0.1254
221,2,4,2,67,1.8261,15,13,8477,113,140,1352,0.2323,0.4417,-0.0115
222,2,4,4,1348,3.1297,98,100,126759,81,118,1356,0.2788,0.4441,-0.2654
223,2,4,3,265,2.4232,47,40,26694,86,116,1356,0.09,0.5546,-0.213
224,2,4,2,138,2.1399,30,16,17295,114,141,1356,0.2596,0.4202,-0.0209
225,2,4,2,109,2.0374,25,22,12602,102,132,1356,0.208,0.6189,-0.0968
226,2,4,2,74,1.8692,19,20,8027,98,119,1354,0.2541,0.4714,-0.1525
227,2,4,5,7579,3.8796,591,431,917886,95,141,1356,0.6785,0.5386,-0.0538
228,2,4,2,184,2.2648,31,15,19460,96,118,1354,0.2024,0.3544,-0.1737
229,2,4,3,252,2.4014,55,36,19650,52,94,1356,0.0206,0.5,-0.3908
230,2,4,2,62,1.7924,14,14,6819,98,124,1354,0.3131,0.5571,-0.1408
231,2,4,2,60,1.7781,14,8,6685,102,124,1354,0.1684,0.3407,-0.1296
232,2,4,2,55,1.7404,20,14,6483,109,127,1354,0.3575,0.45,-0.0791
233,2,4,3,241,2.382,45,35,14875,42,85,1356,0.056,0.4926,-0.5178
234,2,4,2,54,1.7324,18,7,6135,102,124,1354,0.1581,0.4066,-0.1124
235,2,4,2,128,2.1072,22,30,15896,111,140,1356,0.1755,0.4483,-0.0298
236,2,4,2,51,1.7076,17,14,4499,51,117,1358,0.0162,0.3929,-0.3108
237,2,4,2,61,1.7853,12,14,5695,81,109,1354,0.1108,0.3776,-0.2706
238,2,4,3,780,2.8921,106,83,84461,96,126,1356,0.2876,0.4938,-0.154
239,2,4,3,493,2.6929,56,38,59901,105,141,1354,0.6824,0.3958,-0.0508
240,2,4,2,65,1.8129,10,12,6757,95,115,1358,0.8881,0.3434,-0.1879
241,2,4,2,138,2.1399,28,21,14757,93,118,1358,0.324,0.4812,-0.1646
242,2,4,2,85,1.9294,23,16,8566,93,111,1358,0.3314,0.5914,-0.2127
243,2,4,2,59,1.7708,15,16,3095,41,71,1356,0.0266,0.3854,-0.5902
244,2,4,3,222,2.3463,25,29,25660,104,125,1358,0.433,0.4337,-0.097
245,2,4,2,73,1.8633,20,11,8327,103,126,1356,0.1165,0.4297,-0.1088
246,2,4,3,286,2.4564,54,33,30518,95,125,1356,0.705,0.6635,-0.1664
247,2,4,3,390,2.5911,30,36,38672,80,118,1358,0.0957,0.2778,-0.2253
248,2,4,2,52,1.716,17,13,5376,95,111,1358,0.243,0.5702,-0.1923
249,2,4,2,98,1.9912,23,14,9733,89,113,1360,0.1985,0.3636,-0.2241
250,2,4,2,61,1.7853,12,11,6834,102,124,1358,0.1252,0.4455,-0.1247
251,2,4,2,75,1.8751,19,16,7384,89,109,1358,0.5243,0.513,-0.2308
252,2,4,3,705,2.8482,76,76,63525,73,117,1358,0.0722,0.567,-0.296
253,2,4,2,196,2.2923,52,35,22534,104,127,1360,0.7118,0.6245,-0.1018
254,2,4,2,64,1.8062,16,13,7216,102,124,1356,0.1593,0.5152,-0.1191
255,2,4,2,130,2.1139,26,25,13185,90,117,1358,0.5258,0.5454,-0.2076
256,2,4,3,215,2.3324,36,22,24463,103,125,1356,0.2493,0.3978,-0.1111
257,2,4,2,178,2.2504,25,28,18774,92,116,1356,0.0546,0.4221,-0.176
258,2,4,2,155,2.1903,24,27,16678,96,120,1356,0.1711,0.4259,-0.1594
259,2,4,4,1030,3.0128,72,92,71852,49,84,1354,0.0,0.3342,-0.455
260,2,4,2,140,2.1461,27,22,15545,99,125,1356,0.7552,0.6667,-0.1325
261,2,4,4,1470,3.1673,84,82,132939,70,118,1356,0.0782,0.4772,-0.2935
262,2,4,2,69,1.8389,20,19,7588,100,119,1356,0.3658,0.5893,-0.1408
263,2,4,3,231,2.3636,31,23,29896,117,143,1356,0.1534,0.3921,0.0111
264,2,4,2,169,2.2279,33,28,19591,105,127,1356,0.1696,0.6168,-0.0944
265,2,4,3,445,2.6484,72,55,46236,91,118,1354,0.0458,0.5408,-0.1883
266,2,4,3,245,2.3892,37,33,27599,100,124,1354,0.3264,0.3951,-0.1199
267,2,4,2,99,1.9956,16,13,12056,111,132,1358,0.2872,0.4107,-0.0486
268,2,4,2,55,1.7404,19,17,6146,104,125,1358,0.2121,0.6181,-0.127
269,2,4,3,873,2.941,174,100,103898,106,133,1358,0.6613,0.7306,-0.0702
270,2,4,2,64,1.8062,16,13,7286,102,126,1356,0.0811,0.4667,-0.1106
271,2,4,2,60,1.7781,20,11,6260,96,117,1360,0.2088,0.5385,-0.1849
272,2,4,2,120,2.0792,31,18,12834,90,125,1356,0.0723,0.5804,-0.1645
273,2,4,3,314,2.4969,84,50,38597,110,140,1356,0.4749,0.7437,-0.0397
274,2,4,2,61,1.7853,17,11,7309,112,132,1356,0.3097,0.6039,-0.0639
275,2,4,3,253,2.4031,50,26,28728,86,135,1356,0.0443,0.3546,-0.1129
276,2,4,3,509,2.7067,73,60,49765,80,116,1358,0.1296,0.4515,-0.2362
277,2,4,2,170,2.2304,25,21,16633,84,116,1356,0.0619,0.3462,-0.2356
278,2,4,2,78,1.8921,22,10,8246,95,117,1356,0.0796,0.4091,-0.1741
279,2,4,2,77,1.8865,17,13,6861,76,109,1356,0.0428,0.4077,-0.3039
280,2,4,2,83,1.9191,18,12,10702,116,140,1356,0.2552,0.497,0.0073
281,2,4,2,61,1.7853,12,10,6490,96,118,1356,0.1224,0.3222,-0.1688
282,2,4,2,80,1.9031,23,17,4931,41,84,1356,0.0251,0.5294,-0.5185
283,2,4,2,51,1.7076,15,10,5546,99,124,1356,0.1445,0.49,-0.1504
284,2,4,2,58,1.7634,22,7,7050,111,135,1356,0.2714,0.4476,-0.0504
285,2,4,2,58,1.7634,13,11,7114,112,133,1356,0.1711,0.4727,-0.0418
286,2,4,2,130,2.1139,38,25,16308,115,140,1356,0.2625,0.4737,-0.02
287,2,4,2,117,2.0682,22,14,11647,89,110,1356,0.0605,0.35,-0.2223
288,2,4,3,490,2.6902,38,44,50867,86,118,1354,0.1211,0.2878,-0.189
289,2,4,3,318,2.5024,36,33,31789,85,124,1354,0.1078,0.4421,-0.219
290,2,4,2,185,2.2672,29,24,18517,88,119,1354,0.0295,0.4818,-0.218
291,2,4,2,59,1.7708,13,11,5957,89,111,1354,0.223,0.4636,-0.2112
292,2,4,2,119,2.0756,20,18,11516,84,117,1352,0.1021,0.4491,-0.244
293,2,4,2,66,1.8195,10,11,5652,75,101,1356,0.1165,0.3333,-0.331
294,2,4,3,268,2.4281,28,25,26356,84,118,1356,0.1254,0.2717,-0.2317
295,2,4,2,99,1.9956,29,17,11843,109,134,1354,0.1093,0.4177,-0.0654
296,2,4,2,197,2.2945,38,29,19139,86,109,1354,0.0502,0.4788,-0.241
297,2,4,2,91,1.959,12,14,8106,79,101,1358,0.0192,0.1875,-0.3041
298,2,4,2,142,2.1523,30,29,12465,72,109,1354,0.0473,0.5617,-0.3142
299,2,4,2,60,1.7781,13,11,6133,91,117,1356,0.1195,0.3939,-0.2014
300,2,4,2,60,1.7781,15,13,5573,81,103,1354,0.0325,0.4872,-0.2743
301,2,4,2,149,2.1732,27,17,15313,93,111,1354,0.4136,0.404,-0.1971
302,2,4,2,103,2.0128,19,13,12424,112,132,1356,0.1578,0.3905,-0.0576
303,2,4,2,93,1.9685,19,17,9214,90,108,1356,0.0103,0.5156,-0.226
304,2,4,2,115,2.0607,22,17,11748,87,124,1356,0.0619,0.4363,-0.2019
305,2,4,4,1203,3.0803,68,89,96937,48,101,1354,0.0118,0.3563,-0.3705
306,2,4,2,109,2.0374,22,20,11293,90,116,1356,0.0118,0.455,-0.1906
307,2,4,4,1371,3.137,114,144,150413,85,132,1356,0.0457,0.4954,-0.1429
308,2,4,2,88,1.9445,13,15,8123,81,110,1354,0.0665,0.2667,-0.2788
309,2,4,3,566,2.7528,64,70,62326,89,132,1356,0.0369,0.5582,-0.1397
310,2,4,2,97,1.9868,19,17,5940,47,77,1358,0.0059,0.5611,-0.5216
311,2,4,2,145,2.1614,19,26,14997,91,117,1356,0.0398,0.3287,-0.192
312,2,4,3,205,2.3117,24,21,26503,108,148,1354,0.0384,0.2679,0.01
313,2,4,2,60,1.7781,12,10,3673,48,77,1358,0.003,0.3333,-0.5217
314,2,4,2,173,2.238,22,23,17100,85,111,1356,0.0354,0.4383,-0.2278
315,2,4,2,71,1.8513,19,12,6886,84,111,1356,0.0133,0.5069,-0.2423
316,2,4,3,578,2.7619,73,68,52482,76,109,1356,0.0782,0.5699,-0.2906
317,2,4,2,53,1.7243,13,9,5267,90,109,1354,0.0192,0.4111,-0.2236
318,2,4,2,153,2.1847,25,21,16865,90,125,1352,0.071,0.4396,-0.1388
319,2,4,2,78,1.8921,28,17,9208,105,132,1352,0.0251,0.5125,-0.0777
320,2,4,2,94,1.9731,24,16,10847,104,126,1354,0.034,0.5392,-0.0985
321,2,4,3,376,2.5752,40,43,36566,81,119,1352,0.0399,0.3886,-0.2402
322,2,4,2,111,2.0453,20,21,6323,41,70,1356,0.0,0.4219,-0.555
323,2,4,4,1543,3.1884,150,151,160372,81,126,1352,0.0355,0.5695,-0.188
324,2,4,2,192,2.2833,35,36,18361,80,118,1354,0.0281,0.4074,-0.2529
325,2,4,2,76,1.8808,15,12,4643,43,86,1354,0.0251,0.3667,-0.5227
326,2,4,2,199,2.2989,20,23,18720,80,110,1352,0.0266,0.382,-0.2651
327,2,4,2,71,1.8513,11,13,6657,81,108,1350,0.0222,0.2198,-0.2675
328,2,4,2,69,1.8389,14,18,7151,92,118,1348,0.0,0.3235,-0.1903
329,2,7,2,52,1.716,11,13,5907,105,125,1358,0.1281,0.381,-0.1125
330,2,14,3,339,2.5302,70,35,42620,119,135,1360,0.1853,0.3543,-0.0178
331,2,14,2,155,2.1903,37,23,19453,120,134,1362,0.1542,0.4833,-0.0195
332,2,14,3,618,2.791,109,59,78470,119,135,1362,0.1747,0.4447,-0.008
333,2,14,2,142,2.1523,25,15,17707,119,133,1362,0.1513,0.3772,-0.0258
334,2,14,3,508,2.7059,112,59,65223,120,142,1362,0.2129,0.6849,0.0031
335,2,14,2,158,2.1987,45,30,20312,122,140,1362,0.3069,0.5298,0.0044
336,2,14,2,156,2.1931,49,17,20131,122,140,1360,0.3015,0.5667,0.0082
337,2,14,3,312,2.4941,73,48,40573,122,141,1360,0.2662,0.7551,0.0159
338,2,25,2,180,2.2553,24,27,17505,87,111,1362,0.2364,0.3706,-0.2402
339,2,25,2,147,2.1673,28,31,16908,105,133,1362,0.2056,0.3875,-0.1014
340,2,25,4,1733,3.2388,206,294,185716,93,133,1362,0.1953,0.6725,-0.1628
341,2,25,2,120,2.0792,35,39,15035,118,135,1362,0.2173,0.5489,-0.0212
342,2,25,4,1804,3.2562,175,211,214243,101,135,1360,0.2059,0.5663,-0.0722
343,2,25,2,124,2.0934,26,21,14323,107,126,1364,0.239,0.38,-0.0976
344,2,25,2,119,2.0756,24,20,13662,106,127,1364,0.2185,0.5182,-0.1031
345,2,25,2,130,2.1139,21,26,15147,109,126,1360,0.3559,0.4222,-0.0897
346,2,25,4,3883,3.5892,229,289,395668,78,127,1362,0.21,0.5235,-0.2039
347,2,25,3,295,2.4698,42,56,32358,96,126,1364,0.2273,0.5211,-0.1431
348,3,14,2,72,1.8573,13,12,13094,168,198,1387,0.6691,0.3455,0.4208
349,3,14,2,66,1.8195,9,11,12872,178,207,1387,0.7585,0.25,0.5237
350,3,14,2,61,1.7853,10,12,10855,168,189,1387,0.0,0.4352,0.3902
351,3,14,2,75,1.8751,8,11,14016,157,206,1387,0.8118,0.1477,0.46
352,3,14,3,443,2.6464,56,60,79713,77,221,1387,0.7844,0.5307,0.4058
353,3,14,2,76,1.8808,10,9,15483,195,213,1387,0.4585,0.1556,0.5916
354,3,14,2,150,2.1761,13,15,28697,172,212,1387,0.3735,0.2308,0.4946
355,3,14,3,892,2.9504,59,104,181730,68,236,1387,0.7426,0.5397,0.5917
356,3,14,2,74,1.8692,16,11,15069,196,210,1387,0.8219,0.4518,0.5909
357,3,14,2,136,2.1335,18,11,27180,192,207,1387,0.9185,0.3131,0.5613
358,3,14,2,108,2.0334,16,17,21840,195,212,1387,0.4182,0.3609,0.5799
359,3,14,2,74,1.8692,12,12,13025,163,188,1387,0.2408,0.2292,0.3751
360,3,14,2,52,1.716,8,10,9968,178,207,1387,0.7527,0.35,0.4976
361,3,14,2,69,1.8389,8,11,13099,164,205,1387,0.7599,0.2159,0.4831
362,3,14,2,60,1.7781,8,14,11189,178,198,1387,0.2033,0.3878,0.4569
363,3,14,2,68,1.8325,8,11,12624,177,191,1387,0.9575,0.1169,0.4504
364,3,14,2,70,1.8451,8,9,11255,143,174,1387,0.2293,0.0278,0.2561
365,3,14,3,504,2.7024,24,27,69672,48,189,1387,0.4831,0.2222,0.08
366,3,14,2,140,2.1461,12,15,20974,118,174,1387,0.0058,0.2222,0.1704
367,3,14,2,108,2.0334,11,13,17174,123,181,1387,0.734,0.2448,0.2423
368,3,14,2,96,1.9823,9,13,14369,128,164,1387,0.1427,0.1795,0.1693
369,3,14,2,81,1.9085,11,10,13311,141,182,1387,0.6143,0.19,0.2839
370,3,14,2,85,1.9294,12,10,14041,139,181,1387,0.6215,0.2273,0.2905
371,3,14,2,57,1.7559,10,11,9848,161,183,1387,0.7541,0.2083,0.3498
372,3,14,2,75,1.8751,9,11,12593,150,180,1387,0.6532,0.2424,0.3118
373,3,14,2,88,1.9445,11,10,14538,134,183,1387,0.659,0.2,0.2907
374,3,14,2,88,1.9445,10,13,14808,148,182,1387,0.6619,0.1852,0.3146
375,3,14,2,52,1.716,9,10,8857,161,182,1387,0.6446,0.2571,0.3307
376,3,14,2,52,1.716,9,11,8801,159,181,1387,0.6417,0.2121,0.3223
377,3,14,2,65,1.8129,9,9,11132,161,182,1387,0.6388,0.0972,0.338
378,3,14,2,63,1.7993,9,11,10518,156,180,1387,0.6518,0.3636,0.3043
379,3,14,2,101,2.0043,11,11,16760,148,182,1387,0.6921,0.0818,0.2964
380,3,14,2,92,1.9638,12,12,14703,128,175,1387,0.6979,0.303,0.2486
381,3,14,2,53,1.7243,9,8,9033,158,181,1387,0.8003,0.1719,0.3315
382,3,14,4,2358,3.3725,104,101,233778,49,124,1387,0.8565,0.4398,-0.2254
383,3,14,4,2108,3.3239,80,61,175110,6,119,1387,0.5292,0.2957,-0.351
384,3,14,3,227,2.356,14,18,21216,36,127,1373,0.6934,0.0992,-0.2698
385,3,14,3,231,2.3636,17,17,21639,33,127,1373,0.7254,0.2007,-0.2682
386,3,14,2,194,2.2878,16,17,19202,68,124,1373,0.3074,0.2392,-0.2267
387,3,14,3,247,2.3927,17,21,23671,43,129,1373,0.7123,0.2159,-0.2513
388,3,14,2,175,2.243,13,19,18625,61,126,1373,0.3438,0.2915,-0.1685
389,3,14,3,566,2.7528,28,49,49867,70,103,1387,0.0779,0.3794,-0.3117
390,3,5,3,655,2.8162,33,35,49303,54,93,1687,0.0581,0.1973,-0.4119
391,3,14,5,152655,5.1837,10449,18152,11591414,0,156,1336,0.0284,0.9439,-0.4068
392,3,14,5,25323,4.4035,1022,593,3037459,24,148,1400,0.0,0.4732,-0.0629
393,3,14,5,21110,4.3245,1138,597,2554885,21,148,1402,0.0043,0.5273,-0.0545
394,3,14,5,25473,4.4061,992,578,3061597,23,148,1400,0.0,0.4583,-0.061
395,3,14,5,24365,4.3868,1084,680,2935414,22,143,1404,0.0,0.7612,-0.0588
396,3,14,5,20894,4.32,1169,712,2529140,18,143,1398,0.0,0.5289,-0.0543
397,3,14,5,20726,4.3165,1193,709,2499819,25,143,1402,0.0,0.8767,-0.0577
398,3,14,5,22554,4.3532,999,605,2712104,27,150,1400,0.0014,0.5403,-0.0606
399,3,14,5,21987,4.3422,1050,684,2638402,21,143,1398,0.0,0.5214,-0.0625
400,3,14,5,21036,4.323,1015,586,2519511,24,143,1402,0.0,0.7499,-0.0643
401,3,14,5,16759,4.2242,729,433,2020624,24,143,1402,0.0585,0.4854,-0.058
402,3,14,5,17977,4.2547,796,513,2144244,24,143,1402,0.0585,0.4907,-0.0681
403,3,14,5,19629,4.2929,788,534,2332320,22,143,1400,0.0586,0.8429,-0.0717
404,3,14,5,17887,4.2525,713,448,2156667,21,143,1400,0.0586,0.5179,-0.058
405,3,14,5,18517,4.2676,1021,696,2230510,25,150,1398,0.0529,0.6342,-0.0589
406,3,14,5,17825,4.251,790,539,2155523,24,143,1400,0.0586,0.5347,-0.0553
407,3,14,5,16686,4.2224,842,562,2013557,19,150,1402,0.0585,0.7906,-0.0572
408,3,14,5,16521,4.218,926,591,1992604,21,149,1400,0.0557,0.8817,-0.0577
409,3,14,5,17706,4.2481,802,537,2147442,24,148,1404,0.0584,0.5443,-0.0525
410,3,14,5,18071,4.257,814,534,2160349,27,148,1400,0.0557,0.5019,-0.066
411,3,14,5,18908,4.2766,853,535,2264960,24,143,1402,0.0585,0.4678,-0.0641
412,3,14,5,18896,4.2764,768,507,2225392,22,142,1404,0.0613,0.4386,-0.0799
413,3,14,5,20313,4.3078,755,497,2400588,23,141,1400,0.0586,0.4373,-0.0767
414,3,14,5,18203,4.2601,696,480,2155986,25,143,1398,0.0558,0.5027,-0.0747
415,3,14,5,17357,4.2395,794,495,2034432,27,142,1400,0.0557,0.5398,-0.0843
416,3,14,5,18954,4.2777,749,482,2236201,25,143,1400,0.0557,0.4881,-0.0783
417,3,14,5,14949,4.1746,720,469,1734628,27,142,1400,0.0586,0.4094,-0.0935
418,3,14,5,16469,4.2167,929,568,1939163,27,143,1398,0.0558,0.894,-0.0801
419,3,14,5,17810,4.2507,763,456,2094532,25,142,1398,0.0558,0.509,-0.0812
420,3,14,2,100,2.0,30,16,12817,123,140,1398,0.0558,0.5215,0.0013
421,3,14,3,354,2.549,67,47,44478,120,134,1400,0.2029,0.5117,-0.0184
422,3,14,5,16821,4.2259,670,425,1972773,29,141,1398,0.0558,0.365,-0.0838
423,3,14,5,15937,4.2024,745,463,1847157,31,141,1398,0.0558,0.4025,-0.0945
424,3,14,5,15896,4.2013,756,469,1847464,22,143,1400,0.0586,0.4924,-0.092
425,3,14,2,128,2.1072,38,27,16028,120,134,1400,0.0586,0.4622,-0.0217
426,3,14,5,16220,4.2101,780,453,1877827,19,141,1400,0.0586,0.476,-0.0955
427,3,14,5,14963,4.175,779,468,1720418,22,141,1398,0.0501,0.5,-0.1017
428,3,14,5,15050,4.1775,867,541,1751637,21,141,1400,0.0586,0.5223,-0.0907
429,3,14,5,13033,4.115,731,420,1508093,29,141,1398,0.0558,0.5345,-0.096
430,3,14,5,16968,4.2296,670,399,1976551,26,143,1400,0.0586,0.409,-0.09
431,3,14,5,16584,4.2197,821,498,1936241,25,143,1398,0.0587,0.4957,-0.0879
432,3,14,5,14969,4.1752,805,503,1758655,27,142,1400,0.0614,0.494,-0.0821
433,3,14,5,13601,4.1336,805,503,1579135,25,141,1400,0.0557,0.5799,-0.0929
434,3,14,5,13387,4.1267,763,425,1546189,29,141,1398,0.0558,0.4841,-0.0977
435,3,14,5,16164,4.2085,861,522,1868220,23,141,1400,0.0586,0.5479,-0.097
436,3,14,3,935,2.9708,143,98,117325,119,135,1398,0.0558,0.4762,-0.0197
437,3,14,5,15601,4.1932,865,517,1835252,23,143,1400,0.0586,0.4844,-0.081
438,3,14,5,11348,4.0549,595,357,1302540,27,143,1400,0.0586,0.5432,-0.1033
439,3,14,5,15414,4.1879,796,478,1798470,24,142,1400,0.0557,0.529,-0.0885
440,3,14,5,13975,4.1453,795,441,1630309,29,140,1400,0.0614,0.5249,-0.0886
441,3,14,5,11388,4.0564,735,415,1315891,29,141,1398,0.0558,0.8268,-0.0973
442,3,14,5,13553,4.132,708,424,1567858,30,141,1400,0.0557,0.5249,-0.0962
443,3,14,5,15704,4.196,976,557,1814409,25,142,1396,0.053,0.518,-0.0974
444,3,14,5,12012,4.0796,607,362,1381722,30,141,1398,0.0558,0.5916,-0.1013
445,3,14,5,11875,4.0746,657,387,1375431,32,143,1398,0.0558,0.6009,-0.0951
446,3,14,5,11271,4.052,664,396,1297285,27,141,1402,0.0585,0.5981,-0.1008
447,3,14,5,12212,4.0868,617,372,1398637,27,141,1402,0.0585,0.6021,-0.1052
448,3,14,3,539,2.7316,94,63,68416,119,135,1402,0.0556,0.4192,-0.0083
449,3,14,3,677,2.8306,114,79,86417,120,140,1400,0.0557,0.4139,-0.0028
450,3,14,5,10276,4.0118,552,319,1187807,25,141,1400,0.0557,0.5876,-0.097
451,3,14,5,11535,4.062,758,419,1327403,23,141,1400,0.0586,0.6156,-0.101
452,3,14,3,794,2.8998,131,91,101435,119,140,1402,0.0556,0.4451,-0.0019
453,3,14,5,11492,4.0604,650,443,1339579,26,143,1402,0.0556,0.5824,-0.0893
454,3,14,5,10904,4.0376,617,334,1261668,28,141,1402,0.0556,0.529,-0.096
455,3,14,5,14069,4.1483,675,452,1642086,26,141,1400,0.0529,0.4831,-0.0882
456,3,14,5,12388,4.093,631,374,1431766,29,143,1400,0.0557,0.512,-0.0971
457,3,14,5,12108,4.0831,614,359,1402972,34,141,1402,0.0613,0.505,-0.0948
458,3,14,5,13946,4.1445,589,406,1635177,33,142,1402,0.0556,0.4701,-0.084
459,3,14,5,13309,4.1241,500,310,1550152,31,143,1402,0.0556,0.4084,-0.09
460,3,14,5,12729,4.1048,634,404,1482862,29,143,1400,0.0586,0.5488,-0.0899
461,3,14,5,14309,4.1556,793,469,1661835,31,141,1402,0.0585,0.5172,-0.0927
462,3,14,5,14346,4.1567,694,424,1691554,29,143,1400,0.0557,0.4898,-0.0788
463,3,14,5,12260,4.0885,660,378,1424210,33,141,1402,0.0585,0.4892,-0.0924
464,3,14,5,13185,4.1201,572,370,1529932,30,141,1400,0.0557,0.4647,-0.0935
465,3,14,5,13114,4.1177,618,381,1507625,33,141,1400,0.0557,0.4171,-0.1019
466,3,14,5,10796,4.0333,572,363,1245388,38,141,1402,0.0556,0.5176,-0.0988
467,3,14,5,11505,4.0609,577,349,1320194,27,142,1402,0.0556,0.4953,-0.1035
468,3,14,5,13612,4.1339,579,357,1577022,30,141,1400,0.0557,0.4562,-0.0949
469,3,14,5,12477,4.0961,560,331,1442027,36,141,1400,0.0586,0.438,-0.0971
470,3,14,5,12718,4.1044,596,348,1459713,31,140,1402,0.0613,0.4634,-0.1033
471,3,14,5,13057,4.1158,562,361,1507763,32,140,1404,0.0613,0.4563,-0.0979
472,3,14,5,13699,4.1367,587,352,1585785,37,141,1402,0.0585,0.4568,-0.0956
473,3,14,5,12509,4.0972,622,374,1456542,27,141,1400,0.0557,0.5101,-0.0903
474,3,14,5,11089,4.0449,593,354,1270726,31,143,1402,0.0585,0.497,-0.1047
475,3,14,5,11711,4.0686,538,348,1308444,30,135,1402,0.0585,0.5411,-0.1271
476,3,14,5,13041,4.1153,616,365,1508999,37,141,1400,0.0586,0.4382,-0.096
477,3,14,5,10913,4.0379,634,359,1248379,25,141,1402,0.0585,0.5047,-0.1063
478,3,14,5,12051,4.081,631,390,1383987,33,140,1402,0.0585,0.5942,-0.1028
479,3,14,5,11355,4.0552,639,388,1299720,31,141,1402,0.0556,0.5822,-0.1058
480,3,14,5,11388,4.0564,705,420,1311391,36,140,1402,0.0585,0.5282,-0.1003
481,3,14,5,11813,4.0724,591,367,1361903,27,141,1400,0.0557,0.5493,-0.0993
482,3,14,5,13203,4.1207,608,375,1515722,35,141,1402,0.0556,0.5048,-0.1031
483,3,14,5,11809,4.0722,621,400,1367596,36,141,1400,0.0557,0.5084,-0.0952
484,3,14,5,11211,4.0496,639,387,1293558,35,141,1402,0.0556,0.5391,-0.0986
485,3,14,5,10880,4.0366,649,409,1245114,33,141,1400,0.0586,0.5676,-0.1059
486,3,14,5,13037,4.1152,623,387,1505833,35,143,1402,0.0556,0.5647,-0.0976
487,3,14,5,12489,4.0965,700,462,1439221,31,141,1402,0.0528,0.5581,-0.0997
488,3,14,5,12515,4.0974,626,397,1452456,37,141,1400,0.0586,0.4717,-0.0933
489,3,14,5,11510,4.0611,699,429,1330937,40,141,1402,0.0556,0.495,-0.0966
490,3,14,5,12834,4.1084,570,356,1487763,37,141,1400,0.0557,0.4512,-0.0944
491,3,14,5,10429,4.0182,578,382,1196792,33,141,1402,0.0585,0.8473,-0.1035
492,3,14,5,9576,3.9812,564,343,1098162,37,141,1402,0.0585,0.5596,-0.1041
493,3,14,5,10743,4.0311,652,418,1239926,38,142,1402,0.0585,0.5058,-0.0983
494,3,14,5,11411,4.0573,801,433,1303229,40,141,1400,0.0586,0.562,-0.1077
495,3,14,5,10941,4.0391,685,407,1246740,40,140,1402,0.0585,0.5815,-0.1098
496,3,14,5,10821,4.0343,754,454,1238454,36,140,1400,0.0557,0.5849,-0.1059
497,3,14,5,9349,3.9708,659,387,1068391,38,140,1402,0.0585,0.6119,-0.1072
498,3,14,5,11542,4.0623,757,441,1338028,42,140,1402,0.0585,0.5908,-0.0943
499,3,14,5,9927,3.9968,625,418,1133850,39,140,1402,0.0585,0.5907,-0.1077
500,3,14,5,5519,3.7419,319,173,582040,34,135,1402,0.0556,0.5253,-0.1761
501,3,14,4,4881,3.6885,239,110,513464,40,127,1404,0.0584,0.3404,-0.1781
502,3,14,5,9484,3.977,655,382,1083941,41,141,1400,0.0557,0.5838,-0.1071
503,3,14,5,10986,4.0408,755,444,1273434,44,142,1404,0.0556,0.5758,-0.0944
504,3,14,4,4995,3.6985,232,124,527906,39,127,1402,0.0585,0.4014,-0.1743
505,3,14,5,5702,3.756,214,118,601643,47,127,1402,0.0556,0.3431,-0.1757
506,3,14,5,9518,3.9785,743,453,1084425,41,141,1402,0.0585,0.6278,-0.1099
507,3,14,5,5957,3.775,289,166,637883,48,135,1404,0.0556,0.4843,-0.1634
508,3,14,5,5617,3.7495,268,152,598575,42,135,1404,0.0556,0.4618,-0.1675
509,3,14,5,9582,3.9815,611,384,1095577,39,140,1404,0.0556,0.5876,-0.1067
510,3,14,5,9183,3.963,602,355,1059263,40,141,1404,0.0584,0.6469,-0.0988
511,3,14,5,8726,3.9408,653,398,1001426,41,141,1402,0.0556,0.6246,-0.1034
512,3,14,5,9892,3.9953,682,424,1130960,42,140,1402,0.0613,0.6144,-0.1068
513,3,14,5,8457,3.9272,636,383,971036,38,141,1400,0.0557,0.6434,-0.103
514,3,14,4,2027,3.3068,255,129,259127,118,141,1402,0.1327,0.6288,-0.0013
515,3,14,5,5593,3.7476,239,133,593650,42,127,1402,0.0585,0.379,-0.1708
516,3,14,5,8709,3.94,578,322,996980,47,141,1402,0.0556,0.6637,-0.1057
517,3,14,5,5576,3.7463,235,133,598862,43,135,1400,0.0557,0.4768,-0.1609
518,3,14,5,5357,3.7289,181,90,764,123,134,1402,0.0585,0.2981,-0.9989
519,3,14,4,4635,3.666,226,128,491662,38,127,1400,0.0586,0.3379,-0.1713
520,3,14,5,8957,3.9522,588,360,1025103,35,141,1400,0.0557,0.5526,-0.1059
521,3,14,5,5261,3.7211,190,107,553974,46,127,1400,0.0557,0.35,-0.1774
522,3,14,5,5731,3.7582,325,186,618954,41,135,1400,0.0557,0.4946,-0.1562
523,3,14,4,1909,3.2808,175,125,245067,120,140,1400,0.1271,0.5601,0.0029
524,3,14,4,2791,3.4458,332,207,353617,114,140,1400,0.1071,0.6502,-0.0102
525,3,14,5,6381,3.8049,280,166,678752,41,135,1400,0.0557,0.4668,-0.169
526,3,14,5,8344,3.9214,558,338,945879,52,141,1400,0.0557,0.5793,-0.1144
527,3,14,5,7998,3.903,558,343,889727,49,140,1400,0.0557,0.6448,-0.1309
528,3,14,5,5480,3.7388,230,119,588758,53,135,1400,0.0557,0.416,-0.1606
529,3,14,5,6397,3.806,381,216,701931,55,141,1400,0.0557,0.4915,-0.1427
530,3,14,4,4915,3.6915,248,153,497404,33,124,1358,0.0574,0.3822,-0.2094
531,3,14,5,5757,3.7602,240,136,600689,38,133,1358,0.0574,0.5016,-0.1848
532,3,14,4,4471,3.6504,248,116,470165,39,135,1360,0.0573,0.4957,-0.1785
533,3,14,3,384,2.5843,70,42,47481,115,135,1358,0.1856,0.4818,-0.034
534,3,14,3,276,2.4409,39,26,33858,115,135,1362,0.1894,0.4812,-0.0416
535,3,14,4,4115,3.6144,179,108,427024,48,127,1360,0.0676,0.3638,-0.1893
536,3,14,4,3918,3.5931,172,88,408392,39,127,1362,0.0631,0.4088,-0.1857
537,3,14,4,4223,3.6256,198,83,439309,38,127,1360,0.0573,0.3931,-0.1873
538,3,14,4,4403,3.6437,215,115,457632,38,126,1360,0.0632,0.4079,-0.188
539,3,14,4,2463,3.3915,262,168,312375,116,140,1360,0.1515,0.614,-0.0092
540,3,14,4,3912,3.5924,226,105,407966,29,135,1362,0.0734,0.4938,-0.1853
541,3,14,2,101,2.0043,31,21,12531,118,135,1362,0.1968,0.4261,-0.0307
542,3,14,4,4130,3.616,197,98,432500,37,132,1360,0.0676,0.4206,-0.1819
543,3,14,4,4214,3.6247,210,116,445047,42,126,1360,0.0603,0.4065,-0.1749
544,3,14,4,4487,3.652,219,106,470618,40,127,1360,0.0544,0.3508,-0.1806
545,3,14,4,3324,3.5217,157,85,343029,42,125,1360,0.0882,0.4155,-0.1938
546,3,14,4,3631,3.56,179,96,378154,45,125,1362,0.0749,0.4024,-0.1864
547,3,14,4,3661,3.5636,184,87,380538,43,127,1358,0.0707,0.3818,-0.1879
548,3,14,4,3786,3.5782,196,102,391378,40,126,1362,0.069,0.4501,-0.1924
549,3,14,4,3703,3.5686,187,94,384266,37,126,1362,0.0764,0.3542,-0.1893
550,3,14,4,3936,3.5951,182,93,407075,38,124,1362,0.0602,0.4144,-0.192
551,3,14,4,3287,3.5168,163,87,342248,50,125,1362,0.0822,0.4022,-0.1866
552,3,14,4,3671,3.5648,175,89,379850,46,124,1360,0.075,0.3545,-0.1916
553,3,14,4,3437,3.5362,163,82,354240,45,126,1360,0.0809,0.3855,-0.1948
554,3,14,4,4123,3.6152,177,90,426267,40,126,1360,0.0573,0.3404,-0.1923
555,3,14,4,3666,3.5642,161,78,379668,43,125,1360,0.0735,0.3916,-0.1909
556,3,14,4,4331,3.6366,178,108,450619,45,126,1360,0.0603,0.3819,-0.1872
557,3,14,4,4048,3.6072,178,96,421512,50,126,1360,0.0632,0.4032,-0.1865
558,3,14,4,3985,3.6004,166,99,413005,41,126,1362,0.0705,0.3564,-0.1903
559,3,14,4,4019,3.6041,191,102,417578,41,125,1360,0.0618,0.3669,-0.1883
560,3,14,4,4409,3.6443,191,102,456908,47,125,1362,0.0602,0.3987,-0.1904
561,3,14,4,3920,3.5933,166,88,407163,45,125,1360,0.0573,0.3995,-0.1885
562,3,14,5,5003,3.6992,196,91,522331,49,126,1360,0.0573,0.3535,-0.1843
563,3,14,5,6376,3.8045,200,110,659058,54,127,1360,0.0603,0.3752,-0.1925
564,3,14,5,6213,3.7933,210,123,649441,55,124,1356,0.0575,0.3912,-0.1834
565,3,14,5,6170,3.7903,228,137,645016,51,134,1358,0.0604,0.455,-0.1833
566,3,14,5,6232,3.7946,250,130,648220,48,133,1356,0.0605,0.4568,-0.1874
567,3,14,3,229,2.3598,51,31,28034,116,135,1358,0.1782,0.6234,-0.0436
568,3,14,5,5877,3.7692,211,110,612067,47,126,1358,0.0574,0.3884,-0.1864
569,3,14,5,5702,3.756,216,119,591835,45,126,1356,0.0605,0.3514,-0.1891
570,3,14,5,5852,3.7673,205,117,608466,42,126,1356,0.0575,0.3333,-0.1877
571,3,14,3,207,2.316,40,23,25309,115,134,1356,0.1873,0.5917,-0.0448
572,3,14,3,200,2.301,50,30,24389,114,134,1358,0.1856,0.6139,-0.0473
573,3,14,5,5970,3.776,188,118,618937,43,125,1356,0.0575,0.3622,-0.19
574,3,14,5,6057,3.7823,209,138,627913,39,126,1358,0.0604,0.3697,-0.1901
575,3,14,5,6143,3.7884,198,119,637317,45,125,1358,0.0574,0.3789,-0.1895
576,3,14,5,5786,3.7624,202,106,600867,41,124,1358,0.0574,0.4018,-0.1887
577,3,14,5,5941,3.7739,207,117,618605,45,126,1356,0.0575,0.3443,-0.1865
578,3,14,5,6277,3.7977,192,109,651641,43,125,1358,0.0604,0.3849,-0.189
579,3,14,5,6008,3.7787,200,112,622760,45,125,1360,0.0603,0.3514,-0.1902
580,3,14,5,6293,3.7989,216,124,647587,47,124,1356,0.0575,0.4029,-0.1961
581,3,14,5,6227,3.7943,205,117,644765,38,124,1358,0.0633,0.3191,-0.1911
582,3,14,5,6059,3.7824,206,129,626256,45,125,1358,0.0633,0.397,-0.1925
583,3,14,5,6117,3.7865,182,113,637707,49,127,1358,0.0574,0.4072,-0.1855
584,3,14,5,6181,3.7911,209,117,638448,44,127,1356,0.0575,0.3906,-0.193
585,3,14,4,2406,3.3813,231,168,301138,116,140,1358,0.1414,0.6186,-0.0222
586,3,14,5,5695,3.7555,211,136,588714,40,126,1358,0.0604,0.436,-0.1924
587,3,14,4,2148,3.332,269,164,266914,113,135,1358,0.1443,0.5898,-0.0292
588,3,14,5,5817,3.7647,212,131,598890,49,124,1358,0.0574,0.358,-0.1957
589,3,14,4,1961,3.2925,220,142,246168,115,135,1356,0.1534,0.6149,-0.0193
590,3,14,4,1923,3.284,227,139,241083,116,140,1356,0.1475,0.667,-0.0206
591,3,14,5,5993,3.7776,214,130,589956,132,132,1358,0.0604,0.3996,-0.2309
592,3,14,5,5885,3.7698,249,136,610139,40,127,1358,0.0574,0.3855,-0.19
593,3,14,4,2108,3.3239,317,184,263590,115,135,1358,0.137,0.6823,-0.0231
594,3,14,5,6357,3.8033,257,129,658914,41,124,1358,0.0604,0.4433,-0.1902
595,3,14,5,6404,3.8064,231,125,660910,38,124,1358,0.0604,0.4556,-0.1937
596,3,14,5,6676,3.8245,240,128,688430,37,125,1356,0.0575,0.4225,-0.1944
597,3,14,5,6294,3.7989,262,153,656298,45,125,1358,0.0604,0.4089,-0.1854
598,3,14,5,6399,3.8061,229,124,659350,39,119,1356,0.0575,0.4577,-0.195
599,3,14,5,7017,3.8461,274,156,723789,36,125,1358,0.0604,0.4083,-0.1942
600,3,14,5,6337,3.8019,344,174,654684,41,127,1358,0.0604,0.4176,-0.1929
601,3,14,5,7250,3.8603,268,141,746545,40,119,1356,0.0575,0.413,-0.1955
602,3,14,5,6494,3.8125,315,145,671353,38,127,1356,0.0605,0.4332,-0.1923
603,3,14,5,6999,3.845,285,165,732196,43,126,1358,0.0574,0.4816,-0.1827
604,3,14,5,6661,3.8235,247,133,686124,41,133,1356,0.0575,0.4233,-0.1953
605,3,14,4,1834,3.2634,242,128,227896,114,135,1358,0.1605,0.7061,-0.0292
606,3,14,5,6562,3.817,255,125,677554,36,125,1358,0.0604,0.4403,-0.1933
607,3,14,5,6210,3.7931,293,153,645839,38,124,1356,0.0546,0.4654,-0.1875
608,3,14,5,6353,3.803,260,120,657020,37,125,1358,0.0604,0.435,-0.192
609,3,14,5,6017,3.7794,261,143,612746,38,119,1356,0.0605,0.4748,-0.2044
610,3,14,5,6430,3.8082,276,127,669161,46,126,1358,0.0574,0.4627,-0.187
611,3,14,5,6276,3.7977,279,154,647595,43,119,1356,0.0605,0.4877,-0.1939
612,3,14,5,5706,3.7563,266,139,590664,43,124,1356,0.0605,0.4498,-0.1913
613,3,14,5,6206,3.7928,257,128,641502,39,127,1356,0.0605,0.4362,-0.1924
614,3,14,5,6501,3.813,257,115,672664,43,125,1356,0.0605,0.4008,-0.1916
615,3,14,5,6828,3.8343,297,152,705056,42,127,1358,0.0574,0.5404,-0.1933
616,3,14,5,6422,3.8077,278,138,670952,43,126,1358,0.0604,0.4603,-0.1838
617,3,14,5,6519,3.8142,331,159,674120,41,124,1356,0.0605,0.4871,-0.1921
618,3,14,5,6679,3.8247,288,156,691010,36,124,1358,0.0574,0.4368,-0.1917
619,3,14,5,6625,3.8212,351,173,686356,42,124,1358,0.0604,0.4527,-0.1906
620,3,14,5,6596,3.8193,316,170,685447,44,124,1358,0.0574,0.4393,-0.1881
621,3,14,1,2,0.301,2,1,255,126,133,1356,0.2802,0.0,-0.0039
622,3,14,5,6855,3.836,238,142,701946,38,124,1358,0.0604,0.4086,-0.2
623,3,14,5,6543,3.8158,279,160,679238,39,125,1358,0.0574,0.4544,-0.189
624,3,14,5,6776,3.831,259,133,700391,37,124,1358,0.0633,0.4306,-0.1925
625,3,14,5,6686,3.8252,273,132,687345,36,124,1356,0.0605,0.4557,-0.1969
626,3,14,5,6662,3.8236,266,131,685894,41,124,1358,0.0604,0.4081,-0.1956
627,3,14,5,6816,3.8335,333,162,699635,36,126,1358,0.0574,0.5599,-0.1981
628,3,14,5,6525,3.8146,278,134,674367,38,124,1358,0.0574,0.4285,-0.1926
629,3,14,5,6605,3.8199,310,151,684731,38,126,1356,0.0546,0.4604,-0.1901
630,3,14,5,6644,3.8224,252,113,689961,40,126,1358,0.0574,0.4438,-0.1887
631,3,14,5,6484,3.8118,223,117,666047,40,126,1358,0.0604,0.4486,-0.1975
632,3,14,4,1843,3.2655,171,85,230162,115,135,1356,0.1608,0.526,-0.0243
633,3,14,5,6432,3.8084,276,134,666662,39,124,1358,0.0604,0.4627,-0.1902
634,3,14,5,6490,3.8122,282,140,669614,36,124,1356,0.0605,0.4277,-0.1939
635,3,14,5,6878,3.8375,247,128,709363,38,126,1358,0.0574,0.4286,-0.1943
636,3,14,5,6615,3.8205,244,131,684236,36,124,1358,0.0574,0.4441,-0.1919
637,3,14,5,6493,3.8124,293,135,676077,41,125,1358,0.0604,0.3973,-0.1865
638,3,14,5,7038,3.8475,262,133,735371,42,126,1358,0.0574,0.3975,-0.1837
639,3,14,5,6987,3.8443,251,123,725465,43,125,1356,0.0605,0.4162,-0.1888
640,3,14,5,6603,3.8197,271,138,688556,38,127,1358,0.0604,0.4237,-0.1853
641,3,14,5,7327,3.8649,234,119,750685,35,126,1358,0.0633,0.4417,-0.1996
642,3,14,5,6998,3.845,280,143,724819,43,124,1358,0.0574,0.4668,-0.1908
643,3,14,5,6944,3.8416,256,113,723643,41,124,1358,0.0604,0.387,-0.1858
644,3,14,4,2795,3.4464,312,171,349157,115,140,1358,0.1443,0.646,-0.024
645,3,14,5,6592,3.819,265,125,687299,44,124,1356,0.0575,0.4293,-0.1855
646,3,14,5,6499,3.8128,263,137,676562,43,125,1356,0.0605,0.4294,-0.1867
647,3,14,5,6476,3.8113,296,156,675748,43,124,1356,0.0605,0.4709,-0.1848
648,3,14,5,6399,3.8061,287,132,666455,41,126,1356,0.0575,0.4716,-0.1863
649,3,14,5,6515,3.8139,222,104,683149,39,127,1358,0.0633,0.4272,-0.1808
650,3,14,5,6937,3.8412,253,135,722716,39,127,1358,0.0604,0.4401,-0.1861
651,3,14,5,6763,3.8301,277,151,706929,42,124,1358,0.0574,0.3901,-0.1834
652,3,14,5,6025,3.78,283,147,624180,39,124,1360,0.0603,0.4063,-0.1906
653,3,14,5,6277,3.7977,286,147,647965,40,126,1358,0.0604,0.4707,-0.1935
654,3,14,1,2,0.301,2,1,250,120,130,1358,0.2872,0.0,-0.0234
655,3,14,5,6010,3.7789,257,123,626586,39,126,1358,0.0604,0.5007,-0.1855
656,3,14,5,5933,3.7733,312,167,614522,38,125,1356,0.0575,0.4319,-0.1908
657,3,14,5,6249,3.7958,263,137,649801,39,124,1358,0.0574,0.4657,-0.1876
658,3,14,5,6281,3.798,265,132,654358,42,126,1356,0.0546,0.4562,-0.1861
659,3,14,5,6310,3.8,290,151,658162,41,125,1356,0.0575,0.4636,-0.1851
660,3,14,5,6827,3.8342,276,141,711671,40,124,1358,0.0574,0.4594,-0.1856
661,3,14,5,6176,3.7907,307,140,639433,36,124,1356,0.0605,0.4508,-0.1911
662,3,14,5,6185,3.7913,313,158,640970,41,119,1358,0.0574,0.4654,-0.1904
663,3,14,5,6454,3.8098,310,145,675659,40,127,1358,0.0604,0.4893,-0.1821
664,3,14,5,5753,3.7599,291,160,602131,40,125,1358,0.0604,0.4932,-0.1823
665,3,14,5,6279,3.7979,306,149,648910,36,126,1358,0.0633,0.4422,-0.1926
666,3,14,4,2160,3.3345,259,149,269308,116,135,1358,0.1885,0.5883,-0.0259
667,3,14,5,5724,3.7577,277,162,588321,37,124,1356,0.0605,0.5003,-0.197
668,3,14,5,6472,3.811,243,129,673434,44,124,1356,0.0575,0.464,-0.1871
669,3,14,5,6381,3.8049,293,142,674326,46,127,1358,0.0574,0.4111,-0.1744
670,3,14,5,6239,3.7951,263,135,648169,46,124,1358,0.0574,0.4405,-0.1884
671,3,14,5,5544,3.7438,295,159,579951,43,125,1358,0.0604,0.4934,-0.1827
672,3,14,5,5816,3.7646,273,132,618320,51,127,1358,0.0574,0.4331,-0.1694
673,3,14,5,6234,3.7948,219,125,649139,43,124,1358,0.0604,0.4325,-0.1865
674,3,14,5,6075,3.7836,242,131,633606,47,127,1358,0.0604,0.4336,-0.1852
675,3,14,5,5962,3.7754,251,125,626007,41,126,1358,0.0604,0.4182,-0.1797
676,3,14,4,1685,3.2266,181,101,208514,115,135,1358,0.1915,0.5314,-0.0332
677,3,14,5,6309,3.8,269,140,660758,45,127,1358,0.0574,0.468,-0.1818
678,3,14,5,6664,3.8237,328,172,690169,33,124,1358,0.0574,0.4771,-0.1909
679,3,14,5,6327,3.8012,275,148,660291,40,126,1358,0.0604,0.4235,-0.1847
680,3,14,5,6298,3.7992,275,134,654634,42,126,1358,0.0604,0.41,-0.1879
681,3,14,5,6108,3.7859,299,149,635284,40,125,1356,0.0575,0.473,-0.1874
682,3,14,5,6532,3.815,356,186,685717,43,134,1358,0.0604,0.5253,-0.1799
683,3,14,5,6280,3.798,324,184,654471,40,124,1358,0.0545,0.4644,-0.1858
684,3,14,3,251,2.3997,41,25,30451,115,132,1358,0.2165,0.5246,-0.0522
685,3,14,5,6172,3.7904,263,143,648030,39,126,1358,0.0574,0.4595,-0.1797
686,3,14,5,5969,3.7759,300,154,622528,42,126,1358,0.0574,0.4926,-0.1852
687,3,14,5,5846,3.7669,323,149,608295,44,127,1358,0.0574,0.4495,-0.1871
688,3,14,3,219,2.3404,43,21,26683,109,134,1358,0.2194,0.5399,-0.0481
689,3,14,5,6426,3.8079,275,134,668126,37,119,1356,0.0546,0.4678,-0.1877
690,3,14,5,6503,3.8131,264,135,677593,40,124,1358,0.0604,0.4516,-0.186
691,3,14,5,6450,3.8096,276,143,669129,43,119,1358,0.0574,0.5008,-0.1895
692,3,14,5,6282,3.7981,330,175,659881,41,134,1356,0.0575,0.5054,-0.1794
693,3,14,5,6182,3.7911,295,138,635475,42,124,1356,0.0575,0.4565,-0.1969
694,3,14,5,6509,3.8135,274,139,682403,41,126,1358,0.0604,0.4121,-0.1809
695,3,14,5,6882,3.8377,274,131,723207,48,124,1358,0.0604,0.413,-0.179
696,3,14,5,6653,3.823,302,155,693100,42,124,1358,0.0604,0.4569,-0.1861
697,3,14,2,170,2.2304,28,14,20714,114,132,1356,0.2168,0.4769,-0.0481
698,3,14,5,7003,3.8453,252,138,734568,40,127,1356,0.0605,0.42,-0.1805
699,3,14,5,6570,3.8176,274,141,685255,40,119,1356,0.0575,0.451,-0.1851
700,3,14,5,6137,3.788,284,145,649137,48,125,1356,0.0605,0.4975,-0.1736
701,3,14,5,6294,3.7989,289,160,661448,43,124,1358,0.0604,0.4858,-0.179
702,3,14,5,6318,3.8006,286,159,667465,46,126,1356,0.0605,0.4369,-0.1746
703,3,14,5,5499,3.7403,298,138,581466,43,125,1358,0.0604,0.4291,-0.1739
704,3,14,5,5533,3.743,288,155,584291,43,126,1356,0.0605,0.4322,-0.175
705,3,14,5,6175,3.7906,266,144,652005,46,127,1358,0.0604,0.388,-0.1751
706,3,14,5,5688,3.755,303,154,598976,43,125,1356,0.0605,0.4572,-0.1773
707,3,14,5,5828,3.7655,296,169,618846,48,126,1358,0.0604,0.4663,-0.1704
708,3,14,5,5814,3.7645,262,137,617639,44,127,1358,0.0604,0.4317,-0.17
709,3,14,5,5830,3.7657,289,158,614756,44,125,1356,0.0605,0.4724,-0.1762
710,3,14,4,4080,3.6107,188,91,435821,64,127,1358,0.1237,0.3965,-0.1655
711,3,14,4,4239,3.6273,150,76,456305,65,127,1358,0.1252,0.3669,-0.159
712,3,14,4,4788,3.6802,257,136,516343,63,127,1360,0.0603,0.4818,-0.1575
713,3,14,4,4417,3.6451,176,89,477354,68,127,1358,0.1164,0.3961,-0.1557
714,3,14,4,4071,3.6097,177,99,439881,56,127,1360,0.1177,0.4201,-0.1558
715,3,14,4,4346,3.6381,163,89,473046,65,127,1360,0.1265,0.3394,-0.1496
716,3,14,4,3961,3.5978,175,99,431127,66,127,1360,0.1309,0.3685,-0.1497
717,3,14,4,3455,3.5385,157,86,373412,67,127,1360,0.1221,0.4075,-0.1556
718,3,14,4,4396,3.6431,179,100,474761,68,127,1358,0.1001,0.399,-0.1563
719,3,14,4,4364,3.6399,185,108,479531,74,132,1360,0.0941,0.4587,-0.1415
720,3,14,4,3824,3.5825,157,95,417036,73,127,1362,0.0896,0.4759,-0.148
721,3,14,4,3900,3.5911,203,90,425840,71,127,1360,0.1279,0.3952,-0.147
722,3,14,4,3876,3.5884,185,102,419968,70,127,1358,0.1075,0.4571,-0.1535
723,3,15,5,14386,4.1579,851,424,1445817,27,124,1358,0.0044,0.8487,-0.2148
724,3,15,5,16052,4.2055,805,400,1594353,26,126,1358,0.003,0.4692,-0.224
725,3,15,5,13349,4.1255,740,356,1328712,29,124,1358,0.0,0.5232,-0.2224
726,3,14,5,15650,4.1945,943,539,1732196,23,140,1378,0.0014,0.489,-0.1353
727,3,14,5,15208,4.1821,861,501,1741571,22,143,1378,0.0189,0.8856,-0.1053
728,3,14,4,3333,3.5228,173,87,246531,35,95,1666,0.2437,0.5204,-0.4221
729,3,14,4,3288,3.5169,191,114,260660,36,103,1664,0.2861,0.4331,-0.3807
730,3,14,4,3340,3.5238,169,93,265172,35,103,1670,0.279,0.3787,-0.3797
731,3,14,4,3630,3.5599,173,100,292575,35,108,1666,0.2581,0.395,-0.3703
732,3,14,5,5665,3.7532,405,216,499944,36,118,1666,0.2761,0.4951,-0.3105
733,3,14,4,3228,3.5089,166,89,260241,38,103,1670,0.2695,0.4556,-0.3702
734,3,14,5,6114,3.7863,320,197,633741,40,134,1666,0.3001,0.5601,-0.1902
735,3,14,5,7639,3.883,462,260,819375,40,135,1666,0.2917,0.5734,-0.162
736,3,14,5,7080,3.85,492,293,773694,43,140,1666,0.2893,0.572,-0.1463
737,3,14,5,5390,3.7316,297,258,635678,9,143,1362,0.7107,0.4347,-0.0786
738,3,14,3,263,2.42,29,17,30104,87,134,1358,0.6097,0.3151,-0.1058
739,4,7,2,62,1.7924,31,9,7479,114,132,1360,0.4897,0.6457,-0.0576
740,4,15,1,22,1.3424,7,4,2871,116,148,1358,0.3034,0.2143,0.0195
741,4,15,2,86,1.9345,17,13,9819,100,125,1358,0.8395,0.265,-0.108
742,4,15,1,42,1.6233,14,7,5558,127,140,1360,0.2485,0.4167,0.0338
743,4,15,1,17,1.2305,6,4,2246,120,149,1360,0.5882,0.15,0.0322
744,4,15,1,18,1.2553,9,5,2274,110,141,1362,0.8532,0.4375,-0.013
745,4,15,1,12,1.0792,4,4,1537,112,149,1360,0.85,0.25,0.0007
746,4,15,1,12,1.0792,5,6,1563,125,143,1358,0.5552,0.5,0.0176
747,4,15,1,12,1.0792,4,4,1543,110,140,1358,0.8895,0.25,0.0046
748,4,15,1,12,1.0792,5,5,1528,115,141,1358,0.1458,0.52,-0.0052
749,4,15,1,12,1.0792,5,4,1504,111,140,1360,0.8177,0.4,-0.0208
750,4,15,1,14,1.1461,10,4,1808,122,136,1356,0.2035,0.4815,0.0089
751,4,15,1,12,1.0792,6,3,1541,111,142,1358,0.5921,0.3333,0.0033
752,4,15,1,15,1.1761,7,3,1923,123,141,1360,0.8838,0.2857,0.0016
753,4,15,1,12,1.0792,6,3,1539,113,141,1358,0.9146,0.3333,0.0019
754,4,15,2,65,1.8129,12,10,7104,89,126,1358,0.9057,0.35,-0.1461
755,4,15,1,12,1.0792,9,4,1509,112,143,1358,0.1959,0.625,-0.0176
756,4,15,1,12,1.0792,6,4,1585,128,141,1358,0.2312,0.4,0.0319
757,4,15,1,11,1.0414,5,3,1398,111,135,1358,0.8557,0.2667,-0.0071
758,4,15,1,17,1.2305,6,5,2181,122,132,1358,0.6259,0.32,0.0023
759,4,15,1,15,1.1761,6,4,1522,90,118,1358,0.8601,0.375,-0.2073
760,4,15,1,12,1.0792,6,4,1335,99,127,1358,0.7393,0.25,-0.1309
761,4,15,1,9,0.9542,5,4,1063,107,126,1358,0.4683,0.4,-0.0773
762,4,15,1,8,0.9031,3,4,958,108,135,1362,0.2599,0.3333,-0.0645
763,4,15,1,8,0.9031,4,3,950,105,127,1360,0.8118,0.3333,-0.0723
764,4,15,1,9,0.9542,4,4,1059,107,132,1360,0.7603,0.25,-0.0807
765,4,15,1,6,0.7782,3,3,718,107,140,1358,0.1856,0.3333,-0.0651
766,4,15,1,6,0.7782,6,2,775,118,136,1358,0.732,0.5,0.0091
767,4,15,1,10,1.0,4,5,1233,119,132,1358,0.0928,0.375,-0.0367
768,4,15,1,16,1.2041,8,4,2121,114,148,1358,0.8026,0.5,0.0356
769,4,15,1,17,1.2305,7,4,2183,121,135,1358,0.4728,0.3929,0.0032
770,4,15,1,28,1.4472,11,7,3576,120,135,1358,0.4757,0.5758,-0.0022
771,4,15,1,16,1.2041,7,4,2042,114,140,1358,0.9087,0.4286,-0.0029
772,4,15,2,67,1.8261,23,13,7595,92,132,1360,0.9515,0.7208,-0.1144
773,4,15,1,16,1.2041,6,4,2034,110,140,1360,0.8073,0.3333,-0.0068
774,4,15,1,18,1.2553,7,4,2319,112,140,1360,0.6985,0.3571,0.0065
775,4,15,1,17,1.2305,12,5,2193,121,140,1358,0.4728,0.575,0.0078
776,4,15,1,26,1.415,13,7,3330,120,140,1358,0.9602,0.48,0.0006
777,4,15,1,18,1.2553,7,5,2318,122,141,1356,0.1593,0.3571,0.0061
778,4,15,1,17,1.2305,7,6,2267,129,142,1358,0.2298,0.4333,0.0418
779,4,15,1,16,1.2041,6,4,2020,106,141,1358,0.7202,0.2,-0.0137
780,4,15,1,17,1.2305,7,4,2214,114,142,1356,0.7227,0.15,0.0175
781,4,15,1,16,1.2041,9,8,2069,123,140,1358,0.8645,0.5556,0.0103
782,4,15,1,17,1.2305,6,4,2157,113,141,1356,0.8304,0.15,-0.0087
783,4,15,1,18,1.2553,8,6,2384,127,141,1358,0.7894,0.5,0.0347
784,4,15,1,18,1.2553,6,5,2280,113,140,1358,0.9808,0.4,-0.0104
785,4,15,1,18,1.2553,6,4,2370,117,148,1358,0.5567,0.25,0.0287
786,4,15,1,17,1.2305,9,7,2198,122,142,1354,0.8612,0.5278,0.0101
787,4,15,1,16,1.2041,9,5,1967,115,133,1356,0.4602,0.5429,-0.0395
788,4,15,1,16,1.2041,5,6,1990,120,132,1356,0.4381,0.4667,-0.0283
789,4,15,1,32,1.5051,16,8,4131,120,143,1356,0.4498,0.6191,0.0085
790,4,15,1,16,1.2041,5,4,2025,109,141,1356,0.9144,0.2,-0.0112
791,4,15,1,16,1.2041,7,5,2001,119,134,1356,0.4439,0.4667,-0.0229
792,4,15,1,16,1.2041,6,5,2015,111,142,1358,0.8778,0.4667,-0.0161
793,4,15,1,21,1.3222,8,5,2633,120,134,1358,0.4433,0.3438,-0.0205
794,4,15,1,17,1.2305,8,5,2127,105,143,1358,0.8468,0.4333,-0.0225
795,4,15,1,22,1.3424,10,4,2926,127,140,1358,0.215,0.45,0.0391
796,4,15,1,49,1.6902,19,12,6058,118,135,1358,0.4521,0.4896,-0.0341
797,4,15,1,16,1.2041,7,4,1961,102,141,1360,0.9765,0.4286,-0.0425
798,4,15,1,17,1.2305,7,7,2310,129,149,1360,0.3809,0.5952,0.0616
799,4,15,1,18,1.2553,9,8,2219,117,135,1360,0.4456,0.55,-0.0369
800,4,15,1,16,1.2041,8,4,2062,109,140,1358,0.7158,0.4286,0.0068
801,4,15,1,16,1.2041,5,4,2046,109,149,1360,0.8809,0.2,-0.001
802,4,15,1,17,1.2305,6,4,2167,109,144,1360,0.1735,0.2917,-0.0041
803,4,15,1,19,1.2787,7,6,2420,120,140,1358,0.1723,0.3667,-0.0049
804,4,15,1,21,1.3222,15,7,2683,120,141,1360,0.4397,0.65,-0.0019
805,4,15,1,26,1.415,9,8,3341,120,141,1358,0.1134,0.5938,0.0039
806,4,15,1,26,1.415,13,7,3431,123,143,1360,0.3118,0.5357,0.031
807,4,15,1,19,1.2787,10,7,2351,116,134,1360,0.4397,0.525,-0.0333
808,4,15,1,17,1.2305,9,6,2240,115,150,1360,0.3412,0.5143,0.0294
809,4,15,1,16,1.2041,5,4,2028,111,143,1360,0.7985,0.2,-0.0098
810,4,15,1,16,1.2041,9,6,2076,123,141,1358,0.2047,0.4667,0.0137
811,5,20,3,268,2.4281,29,31,25809,79,124,1353,0.0207,0.3825,-0.2476
812,5,20,3,370,2.5682,48,62,39293,27,119,1353,0.0015,0.5673,-0.1703
813,5,20,3,330,2.5185,48,61,33449,90,119,1353,0.0296,0.459,-0.2081
814,5,20,3,207,2.316,25,39,21354,93,124,1353,0.0296,0.4103,-0.1941
815,5,20,3,594,2.7738,55,81,61608,93,125,1353,0.0266,0.3333,-0.1897
816,5,20,3,578,2.7619,73,90,67901,100,132,1353,0.0739,0.6281,-0.0822
817,5,15,3,788,2.8965,78,127,83011,86,125,1687,0.9816,0.2244,-0.177
818,5,14,2,145,2.1614,23,36,16920,108,127,1352,0.0325,0.3287,-0.0884
819,5,14,2,97,1.9868,19,25,11608,111,133,1354,0.0325,0.4457,-0.0651
820,5,14,2,139,2.143,27,35,16441,110,132,1354,0.031,0.4326,-0.0759
821,5,14,2,175,2.243,30,38,21073,111,133,1354,0.0325,0.3421,-0.0592
822,5,14,2,144,2.1584,20,47,17271,110,132,1354,0.0325,0.3739,-0.063
823,5,14,2,73,1.8633,15,30,8549,109,127,1358,0.0353,0.3917,-0.0851
824,5,14,2,89,1.9494,16,28,10584,110,134,1356,0.0325,0.3643,-0.0709
825,5,14,2,72,1.8573,15,18,8542,111,132,1358,0.0383,0.2,-0.0731
826,5,14,2,64,1.8062,14,19,7486,111,126,1358,0.0353,0.4074,-0.0862
827,5,14,2,115,2.0607,18,29,14260,115,135,1352,0.0651,0.3391,-0.0313
828,5,14,2,58,1.7634,15,20,7385,116,141,1352,0.0459,0.5167,-0.0052
829,5,14,2,60,1.7781,16,19,7112,110,127,1352,0.0532,0.4444,-0.074
830,5,3,2,134,2.1271,47,13,17217,114,143,1650,0.223,0.5347,0.0038
831,5,3,2,52,1.716,20,8,6616,116,143,1652,0.3378,0.5357,-0.006
832,5,3,2,123,2.0899,29,13,15711,117,141,1652,0.2385,0.4509,-0.0021
833,5,3,2,81,1.9085,28,9,10329,113,141,1650,0.2448,0.25,-0.0038
834,5,3,2,56,1.7482,26,6,7143,116,140,1652,0.2603,0.3,-0.0035
835,5,3,2,68,1.8325,24,9,8685,115,143,1650,0.3091,0.3818,-0.0022
836,5,3,2,79,1.8976,19,11,10188,116,140,1648,0.2318,0.3248,0.0075
837,5,3,4,2028,3.3071,129,157,188767,28,140,1696,0.0743,0.4199,-0.2728
838,5,9,2,78,1.8921,15,17,11382,129,157,1658,0.1484,0.4902,0.14
839,5,19,2,127,2.1038,19,31,13897,99,125,1364,0.9164,0.3172,-0.1451
840,5,19,3,540,2.7324,57,88,60109,95,127,1364,0.9164,0.3864,-0.1304
841,5,19,3,716,2.8549,74,103,80541,97,134,1364,0.9164,0.3681,-0.1212
842,5,19,3,571,2.7566,68,95,64701,98,135,1364,0.9164,0.399,-0.1147
843,5,19,4,1082,3.0342,102,150,118721,94,132,1366,0.9151,0.3442,-0.1428
844,5,19,4,1004,3.0017,99,134,125338,109,143,1362,0.9148,0.5317,-0.0247
845,5,19,3,477,2.6785,82,107,53536,96,132,1364,0.915,0.5947,-0.1232
846,5,19,3,695,2.842,99,117,88065,111,141,1364,0.9091,0.6445,-0.0101
847,5,19,3,319,2.5038,31,50,36546,101,133,1364,0.9135,0.2911,-0.105
848,5,19,3,585,2.7672,91,105,65860,99,133,1364,0.9106,0.4886,-0.1205
849,5,19,3,495,2.6946,67,90,56735,99,143,1364,0.9106,0.4944,-0.1046
850,5,19,3,492,2.692,59,83,55666,101,133,1364,0.9135,0.3251,-0.1161
851,5,19,3,969,2.9863,124,163,103558,92,141,1364,0.9106,0.5046,-0.1651
852,5,19,3,733,2.8651,75,112,81625,98,127,1364,0.9106,0.405,-0.13
853,5,19,3,975,2.989,107,141,121633,108,140,1364,0.9106,0.4155,-0.0254
854,5,19,3,706,2.8488,56,93,77840,96,127,1364,0.9091,0.3099,-0.1386
855,5,19,3,926,2.9666,113,146,98616,92,126,1364,0.9076,0.4194,-0.168
856,5,19,3,653,2.8149,90,110,71112,95,134,1366,0.9063,0.4603,-0.1492
857,5,19,2,104,2.017,25,26,11941,106,127,1364,0.9047,0.3333,-0.103
858,5,19,2,105,2.0212,16,23,12094,106,125,1366,0.9048,0.3182,-0.1001
859,5,19,2,82,1.9138,14,21,9584,109,126,1366,0.9019,0.3492,-0.0869
860,5,19,2,57,1.7559,13,15,6560,107,127,1366,0.9004,0.4571,-0.1009
861,5,19,2,111,2.0453,21,24,12919,106,127,1366,0.9004,0.4219,-0.0907
862,5,19,2,161,2.2068,18,28,18877,108,134,1364,0.9003,0.2813,-0.084
863,5,19,2,68,1.8325,13,14,7990,109,133,1364,0.9003,0.3929,-0.082
864,5,19,2,87,1.9395,15,20,10196,109,127,1364,0.9032,0.275,-0.0844
865,5,19,2,87,1.9395,15,15,10024,106,127,1364,0.8974,0.42,-0.0999
866,6,7,2,113,2.0531,11,12,12652,93,130,1707,0.0445,0.1439,-0.1253
867,6,5,4,1812,3.2582,119,135,196003,82,132,1687,0.4019,0.7516,-0.1549
868,6,8,1,41,1.6128,8,11,4533,100,123,1467,0.4976,0.4675,-0.1362
869,6,31,3,588,2.7694,18,51,62182,73,135,1353,0.2853,0.3218,-0.1738
870,6,27,2,106,2.0253,11,12,12792,100,134,1353,0.2705,0.197,-0.0572
871,6,28,3,612,2.7868,46,52,71337,103,127,1687,0.4339,0.5292,-0.0894
872,6,28,2,155,2.1903,13,14,16093,55,134,1687,0.9923,0.1484,-0.1889
873,6,15,3,247,2.3927,14,29,26419,88,126,1387,0.5624,0.2902,-0.1644
874,6,15,2,135,2.1303,12,21,13096,89,109,1387,0.0389,0.25,-0.2421
875,6,15,3,376,2.5752,13,47,37703,91,117,1387,0.0735,0.2569,-0.2166
876,6,17,3,202,2.3054,15,29,21408,85,122,1353,0.2661,0.2261,-0.172
877,6,14,2,132,2.1206,32,20,14760,104,119,1227,0.8835,0.3333,-0.1264
878,6,14,2,198,2.2967,10,37,22581,101,127,1227,0.5982,0.2355,-0.109
879,6,15,2,128,2.1072,12,16,13996,88,126,1687,0.882,0.2727,-0.1458
880,6,17,2,143,2.1553,15,16,14742,76,125,1353,0.7628,0.2552,-0.1946
881,6,4,3,221,2.3444,19,22,24230,97,124,1687,0.4031,0.3303,-0.1435
882,6,4,2,114,2.0569,15,14,12221,80,125,1687,0.5691,0.3214,-0.1625
883,6,1,2,176,2.2455,44,15,18466,90,119,1353,0.9061,0.4634,-0.1803
884,6,1,2,176,2.2455,21,19,19565,86,135,1353,0.6371,0.2874,-0.1315
885,6,15,3,513,2.7101,42,29,62225,105,139,1353,0.1419,0.4911,-0.0524
886,6,15,2,150,2.1761,27,12,16873,96,129,1353,0.6696,0.4444,-0.1212
887,6,15,2,181,2.2577,16,20,19537,78,130,1353,0.776,0.3038,-0.1567
888,6,5,3,279,2.4456,21,25,30271,61,135,1366,0.1215,0.3025,-0.1524
889,6,5,2,106,2.0253,25,16,12782,108,134,1362,0.1454,0.5268,-0.0579
890,6,2,2,127,2.1038,19,15,13938,90,135,1688,0.4538,0.3487,-0.1426
891,6,2,2,50,1.699,10,10,5345,93,127,1692,0.8842,0.375,-0.1648
892,6,2,2,88,1.9445,14,19,9432,95,125,1692,0.7979,0.3383,-0.1626
893,6,2,1,34,1.5315,10,6,3553,91,119,1692,0.8617,0.2917,-0.1836
894,6,2,1,46,1.6628,8,8,5226,97,133,1690,0.4556,0.1786,-0.1124
895,6,2,1,38,1.5798,12,10,4409,104,132,1690,0.6698,0.4722,-0.0935
896,6,2,1,35,1.5441,9,9,4108,102,132,1692,0.4468,0.375,-0.083
897,6,2,2,66,1.8195,14,9,6760,84,127,1690,0.8793,0.3889,-0.1998
898,6,2,1,39,1.5911,9,7,4442,101,134,1690,0.6686,0.2041,-0.1102
899,6,2,1,38,1.5798,11,8,4304,96,125,1690,0.4402,0.4722,-0.1151
900,6,2,1,32,1.5051,9,8,3094,85,110,1688,0.0853,0.4286,-0.2446
901,6,2,2,67,1.8261,12,10,7367,87,134,1690,0.8852,0.2556,-0.141
902,6,2,2,64,1.8062,11,10,7736,103,145,1690,0.2237,0.36,-0.0557
903,6,2,2,115,2.0607,19,14,10923,71,118,1694,0.1429,0.4133,-0.258
904,6,2,2,134,2.1271,20,13,13696,67,127,1692,0.9031,0.3128,-0.2015
905,6,2,2,69,1.8389,12,11,6235,77,109,1692,0.0591,0.303,-0.294
906,6,2,2,101,2.0043,12,14,11300,95,135,1692,0.1572,0.1984,-0.1259
907,6,2,3,617,2.7903,53,43,65563,70,135,1688,0.5936,0.3951,-0.1698
908,6,2,2,93,1.9685,14,11,9363,75,119,1690,0.8331,0.3496,-0.2135
909,6,2,2,68,1.8325,10,10,6567,83,109,1690,0.0627,0.32,-0.2455
910,6,2,2,67,1.8261,13,10,6947,84,119,1690,0.845,0.2556,-0.19
911,6,2,2,166,2.2201,23,31,18674,91,132,1692,0.6584,0.3852,-0.1211
912,6,2,2,75,1.8751,13,10,8457,93,135,1692,0.6631,0.25,-0.1191
913,6,2,2,82,1.9138,14,11,9124,93,127,1694,0.4085,0.2546,-0.1307
914,6,2,2,81,1.9085,15,10,8996,91,133,1692,0.3806,0.3769,-0.1323
915,6,2,2,55,1.7404,11,8,6241,97,133,1692,0.6052,0.2361,-0.1135
916,6,2,3,208,2.3181,23,21,17619,61,109,1686,0.0783,0.2571,-0.3382
917,6,2,2,148,2.1703,25,23,16061,91,127,1686,0.6311,0.4394,-0.1522
918,6,2,2,126,2.1004,15,18,12598,84,124,1688,0.3389,0.2222,-0.2189
919,6,2,2,162,2.2095,21,23,17124,85,124,1690,0.8805,0.4336,-0.1742
920,6,2,2,100,2.0,15,12,11247,85,132,1692,0.7033,0.3056,-0.1213
921,6,2,3,329,2.5172,26,23,33217,58,127,1690,0.7917,0.3498,-0.2112
922,6,2,2,52,1.716,11,12,5249,86,118,1692,0.9196,0.2778,-0.2114
923,6,2,2,138,2.1399,17,16,15501,91,135,1690,0.4355,0.2333,-0.1225
924,6,2,2,87,1.9395,15,12,8047,82,109,1692,0.0638,0.275,-0.2774
925,6,2,2,87,1.9395,16,11,9527,84,132,1692,0.2518,0.2091,-0.1445
926,6,2,2,56,1.7482,10,12,6459,104,132,1690,0.1385,0.3333,-0.0989
927,6,2,3,659,2.8189,50,34,61890,49,132,1688,0.0758,0.2868,-0.2663
928,6,2,2,66,1.8195,14,10,7537,101,131,1684,0.1532,0.4,-0.1078
929,6,2,2,184,2.2648,20,18,19728,77,133,1688,0.1232,0.3611,-0.1624
930,6,2,3,662,2.8209,55,33,61753,44,126,1690,0.0615,0.3659,-0.2712
931,6,2,2,184,2.2648,23,21,20124,82,127,1690,0.7385,0.4159,-0.1455
932,6,2,2,70,1.8451,9,11,7964,94,133,1688,0.6386,0.2045,-0.1112
933,6,2,2,107,2.0294,15,12,10416,65,119,1690,0.8639,0.3141,-0.2395
934,6,2,2,84,1.9243,17,8,9571,99,133,1690,0.6402,0.3,-0.1098
935,6,2,2,126,2.1004,22,21,13355,90,119,1690,0.1396,0.4,-0.1719
936,6,2,2,90,1.9542,12,15,10036,93,135,1692,0.734,0.25,-0.1288
937,6,2,2,144,2.1584,16,17,15517,84,134,1694,0.706,0.2941,-0.1582
938,6,2,2,67,1.8261,13,15,6652,86,111,1688,0.1765,0.4018,-0.2244
939,6,2,2,94,1.9731,13,14,8943,78,109,1690,0.0284,0.254,-0.2567
940,6,2,2,163,2.2122,18,19,18196,93,133,1688,0.1837,0.3401,-0.1279
941,6,2,3,204,2.3096,30,17,22388,95,124,1690,0.7811,0.3723,-0.1426
942,6,2,2,78,1.8921,10,14,7387,79,110,1692,0.0355,0.3036,-0.2601
943,6,2,2,62,1.7924,11,9,6294,80,118,1688,0.9443,0.3111,-0.2069
944,6,2,2,110,2.0414,15,11,11881,83,133,1690,0.3314,0.1667,-0.1562
945,6,2,2,65,1.8129,14,10,7394,103,127,1690,0.5065,0.4583,-0.1113
946,6,2,2,58,1.7634,11,9,6412,97,124,1692,0.4326,0.284,-0.1363
947,6,2,2,68,1.8325,11,10,7579,94,132,1688,0.519,0.2444,-0.1293
948,6,4,3,822,2.9149,88,63,70737,71,101,1692,0.013,0.485,-0.3277
949,6,4,2,68,1.8325,10,10,3507,21,82,1692,0.0036,0.2444,-0.5971
950,6,4,2,59,1.7708,14,12,4717,72,93,1692,0.0095,0.5083,-0.3754
951,6,4,2,71,1.8513,11,12,3944,22,86,1690,0.0036,0.3426,-0.566
952,6,4,4,1130,3.0531,102,101,99671,77,103,1692,0.0319,0.4937,-0.3109
953,6,4,4,1125,3.0512,83,92,100842,76,111,1692,0.0426,0.4625,-0.2997
954,6,4,2,66,1.8195,16,11,6385,88,109,1692,0.0532,0.3333,-0.2442
955,6,4,2,69,1.8389,12,10,7774,95,132,1682,0.805,0.2333,-0.1198
956,6,4,3,255,2.4065,25,26,23784,77,109,1684,0.1116,0.3462,-0.2713
957,6,4,2,78,1.8921,13,8,8757,87,132,1688,0.8566,0.1136,-0.1229
958,6,4,2,54,1.7324,10,8,6028,90,127,1690,0.8982,0.25,-0.1279
959,6,4,2,74,1.8692,11,10,8375,95,134,1688,0.2227,0.26,-0.1158
960,6,4,3,250,2.3979,20,20,25833,77,124,1692,0.4007,0.2188,-0.1927
961,6,4,2,51,1.7076,10,8,5716,102,125,1694,0.1688,0.2031,-0.1244
962,6,4,2,86,1.9345,11,10,8851,90,117,1688,0.9585,0.2182,-0.196
963,6,4,2,55,1.7404,10,8,6860,111,142,1690,0.4686,0.1406,-0.0256
964,6,4,2,110,2.0414,13,14,12127,92,132,1686,0.6026,0.2143,-0.1387
965,6,4,3,375,2.574,32,23,34485,48,132,1364,0.305,0.2589,-0.2816
966,6,4,2,67,1.8261,11,11,7550,99,125,1364,0.368,0.3232,-0.1196
967,6,14,2,126,2.1004,15,18,14330,104,133,1354,0.9764,0.3636,-0.1115
968,6,14,2,76,1.8808,13,21,9498,118,135,1358,0.028,0.2762,-0.0236
969,6,14,3,880,2.9445,109,61,103662,101,134,1358,0.2813,0.5582,-0.0797
970,6,14,2,52,1.716,9,9,5816,101,126,1358,0.6333,0.2778,-0.1262
971,6,14,2,112,2.0492,21,28,13196,110,132,1356,0.031,0.3333,-0.0795
972,6,14,2,59,1.7708,11,10,7052,107,134,1356,0.0841,0.1571,-0.0662
973,6,14,2,84,1.9243,14,14,9767,105,132,1356,0.3024,0.3333,-0.0916
974,6,14,2,55,1.7404,11,14,6074,102,124,1354,0.0325,0.2143,-0.1372
975,6,14,2,68,1.8325,14,14,7747,105,127,1354,0.712,0.3929,-0.1099
976,6,14,2,78,1.8921,12,16,9381,110,132,1352,0.0414,0.3036,-0.0604
977,6,14,2,122,2.0864,16,29,14032,107,127,1352,0.0251,0.2988,-0.1014
978,6,14,2,67,1.8261,13,11,8107,112,134,1350,0.76,0.3232,-0.0547
979,6,14,2,56,1.7482,14,8,5857,87,124,1380,0.9377,0.2222,-0.1829
980,6,14,2,101,2.0043,15,15,11431,99,125,1376,0.8619,0.3267,-0.1158
981,6,14,2,67,1.8261,12,11,7881,106,132,1376,0.4622,0.3232,-0.081
982,6,14,2,77,1.8865,15,14,8558,104,119,1350,0.0415,0.45,-0.1317
983,6,14,2,89,1.9494,14,12,10504,108,127,1352,0.679,0.3258,-0.078
984,6,14,2,52,1.716,20,8,6999,130,141,1352,0.7204,0.35,0.0515
985,6,3,2,105,2.0212,37,20,13505,100,148,1368,0.2982,0.7193,0.0048
986,6,3,2,54,1.7324,12,7,7555,123,159,1652,0.6973,0.2286,0.093
987,6,3,2,193,2.2856,25,30,18218,78,111,1654,0.075,0.3567,-0.2625
988,6,3,3,223,2.3483,24,23,21349,63,124,1652,0.8111,0.3536,-0.2521
989,6,3,2,86,1.9345,16,14,9848,100,133,1652,0.431,0.3175,-0.1054
990,6,3,2,110,2.0414,20,24,12413,100,127,1650,0.4327,0.4271,-0.1184
991,6,3,2,81,1.9085,16,13,9137,98,127,1646,0.0693,0.3769,-0.1187
992,6,3,2,116,2.0645,18,10,12530,88,134,1650,0.8667,0.2418,-0.1561
993,6,3,2,110,2.0414,34,16,14087,113,140,1650,0.3321,0.4444,0.0005
994,6,3,2,89,1.9494,32,14,11922,123,150,1650,0.2461,0.4795,0.0465
995,6,3,2,51,1.7076,14,11,6525,120,141,1650,0.3539,0.4396,-0.0005
996,6,3,2,76,1.8808,24,7,10286,120,151,1650,0.177,0.3391,0.0574
997,6,10,2,51,1.7076,10,9,5779,92,134,1690,0.3609,0.2917,-0.1147
998,6,7,3,252,2.4014,20,25,28061,92,135,1652,0.7215,0.328,-0.1301
999,6,7,2,102,2.0086,24,15,13464,118,149,1650,0.457,0.3929,0.0313
1000,6,7,3,979,2.9908,126,108,118187,106,141,1660,0.2482,0.5701,-0.0569
1001,6,7,2,52,1.716,10,8,4695,74,103,1662,0.9795,0.2778,-0.2946
1002,6,7,3,290,2.4624,28,22,26213,43,124,1710,0.7871,0.3409,-0.2938
1003,6,7,2,56,1.7482,10,9,5966,90,124,1710,0.6316,0.2222,-0.1677
1004,6,7,2,56,1.7482,19,11,7390,120,143,1658,0.8818,0.5852,0.031
1005,6,7,3,226,2.3541,23,44,24834,93,126,1358,0.3004,0.4293,-0.1415
1006,6,7,2,187,2.2718,32,28,20916,101,126,1358,0.0486,0.6004,-0.1262
1007,6,7,2,171,2.233,23,28,17836,92,124,1360,0.8191,0.3893,-0.1851
1008,6,7,3,383,2.5832,37,33,41476,97,125,1360,0.1426,0.3552,-0.154
1009,6,7,2,120,2.0792,17,13,12847,83,132,1360,0.1103,0.2899,-0.1636
1010,6,7,3,425,2.6284,28,26,37025,48,124,1356,0.969,0.2216,-0.3194
1011,6,7,2,111,2.0453,14,12,11868,93,124,1352,0.2441,0.2292,-0.1647
1012,6,7,2,96,1.9823,21,18,11447,108,134,1362,0.0676,0.3726,-0.0684
1013,6,7,2,133,2.1239,14,14,14163,84,126,1358,0.6289,0.2083,-0.1681
1014,6,7,2,63,1.7993,12,10,6884,89,126,1356,0.472,0.3,-0.1463
1015,6,8,2,69,1.8389,11,11,6811,78,116,1362,0.9706,0.2159,-0.2288
1016,6,7,2,165,2.2175,16,15,16601,70,124,1632,0.6777,0.2143,-0.214
1017,6,5,3,245,2.3892,20,23,23122,56,118,1656,0.2101,0.2899,-0.2627
1018,6,5,2,88,1.9445,13,11,9120,88,118,1656,0.8659,0.2,-0.1903
1019,6,5,2,106,2.0253,11,13,11973,96,128,1654,0.1995,0.2587,-0.1176
1020,6,5,2,154,2.1875,19,16,17564,93,132,1656,0.3225,0.2596,-0.109
1021,6,5,2,88,1.9445,21,20,7182,67,94,1656,0.0519,0.45,-0.3624
1022,6,5,2,169,2.2279,20,19,14689,64,103,1654,0.0629,0.3647,-0.321
1023,6,5,2,80,1.9031,12,13,8091,91,112,1648,0.8277,0.3162,-0.2099
1024,6,5,2,63,1.7993,12,14,7202,104,127,1648,0.301,0.3571,-0.1069
1025,6,5,2,84,1.9243,15,11,8532,83,118,1646,0.9575,0.3058,-0.2065
1026,6,5,2,79,1.8976,12,15,8132,86,124,1646,0.8311,0.4148,-0.1958
1027,6,5,2,66,1.8195,14,10,7519,97,132,1646,0.6464,0.34,-0.11
1028,6,5,3,350,2.5441,31,25,37664,78,134,1648,0.307,0.359,-0.1593
1029,6,5,2,85,1.9294,11,12,9693,95,133,1648,0.0765,0.2917,-0.1091
1030,6,5,2,82,1.9138,16,9,9431,100,127,1648,0.4721,0.3167,-0.1015
1031,6,5,2,60,1.7781,11,11,6887,102,127,1648,0.699,0.2208,-0.1033
1032,6,5,2,108,2.0334,17,17,12886,102,135,1648,0.1129,0.3647,-0.0679
1033,6,5,2,57,1.7559,10,8,6684,101,136,1646,0.48,0.2083,-0.0839
1034,6,12,1,34,1.5315,8,10,2588,61,95,1690,0.0722,0.4333,-0.4053
1035,6,12,2,51,1.7076,25,11,4561,77,103,1686,0.1471,0.6458,-0.3013
1036,6,9,2,116,2.0645,18,14,11801,64,134,1692,0.5638,0.2467,-0.2052
1037,6,9,2,79,1.8976,17,15,10188,115,149,1682,0.8407,0.4733,0.0075
1038,6,2,2,114,2.0569,18,12,13680,101,141,1694,0.242,0.3091,-0.0625
1039,6,7,1,38,1.5798,9,7,3963,85,119,1696,0.8903,0.3214,-0.1852
1040,6,7,1,32,1.5051,9,8,3772,105,133,1698,0.6561,0.3333,-0.0791
1041,6,7,1,25,1.3979,6,6,2918,105,133,1694,0.6009,0.3056,-0.0881
1042,6,7,1,45,1.6532,10,7,4664,86,126,1694,0.8371,0.2857,-0.1903
1043,6,4,3,223,2.3483,31,32,25800,106,130,1626,0.7515,0.5022,-0.0961
1044,6,4,2,62,1.7924,12,9,6582,91,124,1626,0.2165,0.2346,-0.1706
1045,6,4,2,84,1.9243,13,12,9522,87,134,1628,0.441,0.3636,-0.1144
1046,6,4,2,137,2.1367,16,13,14536,81,128,1626,0.4785,0.1893,-0.1711
1047,6,4,2,148,2.1703,21,19,15761,96,117,1626,0.8967,0.3675,-0.168
1048,6,4,2,52,1.716,9,9,5483,91,119,1626,0.9213,0.2778,-0.1762
1049,6,4,2,68,1.8325,14,10,7634,96,132,1624,0.7438,0.3818,-0.1229
1050,6,4,2,60,1.7781,12,10,6342,88,124,1624,0.2512,0.4,-0.1742
1051,6,4,2,113,2.0531,14,12,10683,75,110,1624,0.1182,0.2756,-0.2614
1052,6,4,2,51,1.7076,10,9,5795,100,133,1624,0.4754,0.2917,-0.1123
1053,6,4,2,70,1.8451,12,10,7890,91,131,1624,0.4261,0.3636,-0.1194
1054,6,4,2,66,1.8195,13,10,7502,98,135,1624,0.6761,0.34,-0.112
1055,6,4,2,104,2.017,16,13,12367,110,132,1626,0.3911,0.2727,-0.071
1056,6,4,2,140,2.1461,18,14,15073,90,127,1624,0.1244,0.2308,-0.1589
1057,6,4,2,64,1.8062,14,8,6913,94,121,1624,0.8485,0.2727,-0.1561
1058,6,4,2,57,1.7559,12,7,6528,103,126,1626,0.7651,0.2597,-0.1053
1059,6,4,2,114,2.0569,16,14,12284,79,126,1626,0.7589,0.3254,-0.1582
1060,6,4,2,58,1.7634,10,8,6651,99,134,1628,0.7789,0.275,-0.1041
1061,6,4,3,767,2.8848,42,37,55228,12,134,1624,0.7217,0.309,-0.4375
1062,6,4,2,66,1.8195,10,13,7467,101,123,1624,0.4938,0.3654,-0.1161
1063,6,4,2,59,1.7708,8,8,6543,93,122,1622,0.7694,0.0781,-0.1336
1064,6,6,2,93,1.9685,14,11,10797,91,134,1696,0.5318,0.2955,-0.093
1065,6,6,2,84,1.9243,11,12,10694,102,150,1696,0.9835,0.2222,-0.0054
1066,6,6,2,76,1.8808,18,8,10680,130,150,1698,0.6572,0.4412,0.0979
1067,6,6,2,63,1.7993,16,12,9037,136,156,1696,0.8502,0.4273,0.1207
1068,6,5,2,52,1.716,10,8,5328,83,124,1352,0.7944,0.2778,-0.1995
1069,6,5,2,84,1.9243,12,10,8949,84,125,1352,0.9083,0.3,-0.1677
1070,6,5,2,121,2.0828,14,18,12773,91,124,1354,0.8479,0.3278,-0.1753
1071,6,5,2,61,1.7853,11,9,6682,92,133,1356,0.6696,0.2469,-0.1442
1072,6,5,2,75,1.8751,15,11,8166,89,140,1352,0.8269,0.4318,-0.1494
1073,6,5,2,72,1.8573,14,10,7551,82,132,1356,0.6313,0.2,-0.1807
1074,6,14,2,50,1.699,11,9,6005,112,127,1360,0.6706,0.3827,-0.0617
1075,6,14,2,88,1.9445,13,12,9643,91,126,1358,0.4595,0.2667,-0.1439
1076,6,14,2,107,2.0294,15,12,12374,104,126,1358,0.2931,0.3631,-0.0965
1077,6,15,2,147,2.1673,17,17,14809,78,118,1358,0.9808,0.2139,-0.213
1078,6,15,2,84,1.9243,9,15,9968,107,133,1358,0.8542,0.2,-0.0729
1079,6,15,1,32,1.5051,6,7,3355,98,111,1358,0.8792,0.2381,-0.1809
1080,6,15,2,62,1.7924,11,10,6884,93,127,1360,0.9029,0.4364,-0.1326
1081,6,14,3,273,2.4362,31,40,29865,93,125,1376,0.4913,0.3175,-0.1453
1082,6,14,4,1176,3.0704,67,60,117153,56,124,1668,0.5947,0.2975,-0.2217
1083,6,14,4,2400,3.3802,96,95,260185,69,132,1664,0.4351,0.3999,-0.153
1084,6,14,2,177,2.248,18,18,19435,91,126,1666,0.8812,0.2436,-0.1422
1085,6,14,2,61,1.7853,10,10,6588,91,119,1668,0.8789,0.1286,-0.1563
1086,6,14,3,220,2.3424,19,21,27851,115,140,1666,0.6483,0.3452,-0.011
1087,6,14,2,67,1.8261,11,10,7391,96,125,1374,0.4105,0.2556,-0.1382
1088,6,14,3,341,2.5327,39,43,44484,121,140,1362,0.8399,0.3392,0.0192
1089,6,14,2,57,1.7559,8,14,6661,110,125,1362,0.7665,0.3214,-0.087
1090,6,14,2,80,1.9031,12,12,9136,100,133,1358,0.458,0.2593,-0.1078
1091,6,14,2,111,2.0453,15,11,11861,84,124,1362,0.8443,0.1591,-0.1652
1092,6,28,2,98,1.9912,14,11,10137,84,126,1358,0.8012,0.1901,-0.1919
1093,6,14,2,168,2.2253,15,20,19901,105,135,1362,0.301,0.3,-0.0745
1094,6,14,2,172,2.2355,24,25,19549,105,125,1362,0.5448,0.5086,-0.112
1095,6,14,3,631,2.8,46,51,68349,91,133,1364,0.5205,0.4621,-0.1538
1096,6,14,4,1015,3.0065,49,59,105560,76,132,1364,0.5308,0.3151,-0.1875
1097,6,14,3,561,2.749,57,50,60112,61,124,1362,0.3348,0.5225,-0.1629
1098,6,14,5,8391,3.9238,609,343,991612,103,140,1364,0.0704,0.5594,-0.0768
1099,6,14,2,158,2.1987,65,39,18480,111,126,1364,0.5792,0.7257,-0.0862
1100,6,27,2,60,1.7781,13,14,5577,86,102,1366,0.0293,0.4643,-0.2738
1101,6,27,2,51,1.7076,10,10,5141,93,116,1364,0.0147,0.2714,-0.2125
1102,6,25,2,90,1.9542,17,11,9216,85,124,1362,0.1909,0.2562,-0.2
1103,6,25,3,212,2.3263,38,32,23916,90,125,1358,0.8763,0.4111,-0.1187
1104,6,25,3,217,2.3365,60,39,26032,108,133,1360,0.0809,0.5323,-0.0628
1105,6,25,2,81,1.9085,17,17,10095,113,143,1362,0.4978,0.4044,-0.0263
1106,6,25,3,239,2.3784,30,43,27364,100,126,1360,0.9632,0.5258,-0.1055
1107,6,25,2,59,1.7708,15,11,7330,112,141,1360,0.5412,0.5462,-0.0294
1108,6,25,2,63,1.7993,9,12,7758,115,141,1360,0.5926,0.25,-0.038
1109,6,25,3,215,2.3324,28,39,25269,105,134,1360,0.45,0.4487,-0.0818
1110,6,19,3,350,2.5441,107,39,46379,125,143,1364,0.1437,0.5921,0.0353
1111,6,19,2,112,2.0492,44,16,14403,120,141,1364,0.3006,0.5556,0.0047
1112,6,19,2,170,2.2304,39,20,22467,123,141,1362,0.1836,0.494,0.0325
1113,6,19,2,153,2.1847,58,29,19616,118,143,1362,0.1189,0.6357,0.0016
1114,6,19,2,140,2.1461,43,13,17898,118,141,1360,0.2309,0.4697,-0.0012
1115,6,19,2,168,2.2253,53,30,21548,120,143,1362,0.2335,0.6571,0.0021
1116,6,19,3,226,2.3541,64,33,28906,120,141,1360,0.3515,0.6496,-0.0008
1117,6,19,2,116,2.0645,32,19,14912,121,142,1360,0.4632,0.6282,0.0043
1118,6,19,2,104,2.017,18,12,11469,97,126,1360,0.4485,0.2727,-0.1384
1119,6,19,2,156,2.1931,17,20,15848,74,127,1362,0.4537,0.2909,-0.2063
1120,6,19,2,136,2.1335,50,27,17433,119,143,1364,0.2742,0.5526,0.0014
1121,6,19,3,377,2.5763,33,45,36933,59,132,1364,0.456,0.3018,-0.2346
1122,6,19,3,224,2.3503,25,31,22017,77,126,1364,0.0513,0.3431,-0.2321
1123,6,15,2,163,2.2122,18,20,16916,83,126,1362,0.0852,0.2591,-0.1892
1124,6,14,2,172,2.2355,14,18,19457,91,134,1360,0.8147,0.1569,-0.1162
1125,6,20,2,184,2.2648,42,22,22708,115,135,1628,0.4865,0.3987,-0.0358
1126,6,25,3,304,2.4829,30,28,34001,85,133,1360,0.7618,0.437,-0.1262
1127,6,14,2,140,2.1461,22,19,16020,105,126,1358,0.0898,0.4444,-0.106
1128,6,14,3,262,2.4183,21,19,29349,88,133,1360,0.8706,0.2742,-0.1248
1129,6,14,3,261,2.4166,27,17,29526,88,132,1356,0.3171,0.2689,-0.1162
1130,6,14,2,101,2.0043,22,13,11601,108,125,1356,0.2227,0.4024,-0.1027
1131,6,14,2,144,2.1584,17,19,15785,88,132,1356,0.7345,0.311,-0.1436
1132,6,14,2,116,2.0645,19,10,12174,82,126,1360,0.5206,0.275,-0.1801
1133,6,14,3,563,2.7505,36,34,58906,83,133,1306,0.6478,0.2801,-0.1826
1134,6,14,4,3187,3.5034,208,198,336567,87,127,1306,0.8897,0.5466,-0.175
1135,6,14,3,210,2.3222,20,22,21547,70,127,1308,0.1239,0.2657,-0.1984
1136,6,14,2,112,2.0492,13,14,12587,86,133,1306,0.7305,0.2727,-0.122
1137,6,14,2,114,2.0569,14,15,11442,81,125,1306,0.0291,0.1556,-0.2159
1138,6,14,3,446,2.6493,43,52,48231,96,127,1308,0.1086,0.4282,-0.1551
1139,6,8,2,139,2.143,15,16,14610,71,126,1690,0.3101,0.276,-0.1788
1140,6,5,2,178,2.2504,16,17,17274,69,125,1692,0.1324,0.302,-0.2418
1141,6,5,2,128,2.1072,17,15,14234,87,133,1692,0.1395,0.3905,-0.1312
1142,6,5,3,460,2.6628,52,41,54324,103,134,1694,0.66,0.3939,-0.0774
1143,6,5,2,112,2.0492,15,14,11998,87,126,1794,0.2018,0.2,-0.1631
1144,6,5,2,102,2.0086,15,11,9367,77,110,1696,0.2241,0.2273,-0.2826
1145,6,5,3,260,2.415,24,20,21865,52,110,1692,0.1608,0.2353,-0.343
1146,6,5,2,106,2.0253,16,14,10152,73,124,1696,0.3962,0.3205,-0.2518
1147,6,5,2,178,2.2504,20,16,17592,50,126,1694,0.9008,0.3456,-0.2279
1148,6,5,3,561,2.749,106,62,75006,120,150,1694,0.2231,0.6474,0.0445
1149,6,5,2,186,2.2695,35,18,19132,87,125,1694,0.0354,0.4224,-0.1964
1150,6,5,2,131,2.1173,22,17,16983,118,142,1694,0.3613,0.4883,0.0128
1151,6,5,4,3234,3.5097,198,207,348957,75,141,1692,0.1076,0.7306,-0.157
1152,6,5,4,4663,3.6687,709,425,606744,115,156,1694,0.1901,0.7126,0.0166
1153,6,5,4,1095,3.0394,192,134,142791,117,150,1694,0.3353,0.7018,0.0188
1154,6,5,3,505,2.7033,83,41,56864,97,127,1694,0.2054,0.5218,-0.1203
1155,6,5,3,571,2.7566,58,43,62823,73,252,1692,0.1064,0.5904,-0.1405
1156,6,5,3,790,2.8976,103,83,104560,119,149,1692,0.2305,0.5537,0.034
1157,6,5,3,903,2.9557,76,83,100112,91,134,1694,0.0862,0.5563,-0.1339
1158,6,5,3,551,2.7411,44,27,53142,56,128,1692,0.1123,0.3623,-0.2465
1159,6,5,3,328,2.5159,69,41,37200,101,126,1692,0.2057,0.5961,-0.1139
1160,6,5,3,270,2.4314,31,25,31583,95,135,1694,0.0673,0.4375,-0.0861
1161,6,5,3,210,2.3222,41,29,27761,119,148,1694,0.3459,0.6429,0.0328
1162,6,5,3,231,2.3636,25,20,23488,65,126,1694,0.4569,0.2781,-0.2056
1163,6,4,2,109,2.0374,18,11,11425,71,133,1684,0.5534,0.2733,-0.1811
1164,6,4,3,254,2.4048,26,20,28955,89,135,1684,0.7482,0.3316,-0.1094
1165,6,4,2,105,2.0212,15,11,10269,59,126,1686,0.9324,0.2045,-0.2359
1166,6,4,2,166,2.2201,17,16,16566,61,134,1686,0.6643,0.3083,-0.2203
1167,6,4,2,125,2.0969,15,12,12560,61,125,1688,0.4763,0.256,-0.215
1168,6,4,3,335,2.525,39,31,35066,82,127,1690,0.9846,0.5347,-0.1822
1169,6,4,2,101,2.0043,12,12,11471,81,140,1690,0.7941,0.2349,-0.1127
1170,6,4,2,143,2.1553,15,12,14669,61,127,1686,0.7094,0.2056,-0.1986
1171,6,4,2,114,2.0569,17,11,11979,67,132,1688,0.6552,0.2597,-0.1791
1172,6,4,2,110,2.0414,16,11,11890,75,140,1690,0.671,0.2308,-0.1555
1173,6,4,2,114,2.0569,14,12,12063,79,127,1688,0.5521,0.2083,-0.1733
1174,6,4,2,115,2.0607,15,12,11562,68,127,1688,0.7618,0.3155,-0.2145
1175,6,4,2,124,2.0934,17,13,13135,81,127,1686,0.6465,0.2663,-0.1724
1176,6,4,2,114,2.0569,15,11,11778,71,132,1690,0.7101,0.2028,-0.1928
1177,6,4,2,132,2.1206,16,15,13800,68,140,1688,0.7595,0.3231,-0.1832
1178,6,4,3,282,2.4502,37,33,33577,61,159,1688,0.7156,0.4816,-0.0698
1179,6,4,2,125,2.0969,14,14,12047,73,125,1688,0.0924,0.256,-0.2471
1180,6,4,3,263,2.42,25,23,24172,59,124,1688,0.0699,0.3647,-0.282
1181,6,4,2,192,2.2833,24,32,19002,82,125,1688,0.263,0.3333,-0.2268
1182,6,4,2,121,2.0828,18,14,12705,65,150,1688,0.7228,0.284,-0.1797
1183,6,4,3,248,2.3944,18,20,22134,53,124,1692,0.065,0.3111,-0.3027
1184,6,4,2,108,2.0334,17,14,10704,69,127,1690,0.271,0.3571,-0.2257
1185,6,4,2,115,2.0607,17,12,10115,67,116,1690,0.0544,0.3155,-0.3128
1186,6,4,3,408,2.6107,30,27,37889,57,125,1690,0.0947,0.3131,-0.2745
1187,6,14,3,463,2.6656,37,24,53525,97,132,1358,0.3785,0.3709,-0.0968
1188,6,14,2,121,2.0828,12,20,14047,97,134,1356,0.646,0.3278,-0.093
1189,6,14,2,75,1.8751,16,15,9062,104,132,1356,0.6667,0.375,-0.056
1190,6,14,2,65,1.8129,12,17,7974,113,135,1354,0.6647,0.5221,-0.0416
1191,6,14,2,108,2.0334,14,11,11169,77,127,1322,0.879,0.2448,-0.1921
1192,6,14,2,133,2.1239,16,21,14874,105,125,1322,0.1029,0.2963,-0.1263
1193,6,14,2,63,1.7993,21,19,7273,107,126,1320,0.2303,0.5855,-0.0981
1194,6,14,2,50,1.699,10,10,5867,105,132,1324,0.8127,0.375,-0.0833
1195,6,14,2,62,1.7924,13,15,7312,109,127,1322,0.239,0.4095,-0.0786
1196,6,16,3,204,2.3096,27,21,21661,98,116,1696,0.5613,0.2941,-0.1705
1197,6,5,2,104,2.017,31,17,10675,89,124,1368,0.8304,0.6061,-0.1981
1198,6,5,2,196,2.2923,23,18,18986,82,118,1368,0.1213,0.3595,-0.2432
1199,6,5,2,181,2.2577,83,34,23075,113,151,1370,0.5504,0.7354,-0.004
1200,6,5,2,129,2.1106,48,35,16308,112,150,1368,0.5716,0.7529,-0.0124
1201,6,5,2,143,2.1553,39,24,15000,93,119,1366,0.9561,0.5,-0.1805
1202,6,5,2,126,2.1004,51,36,15951,112,148,1368,0.3319,0.605,-0.011
1203,6,5,2,110,2.0414,32,17,13904,111,149,1368,0.2544,0.4086,-0.0125
1204,6,5,2,101,2.0043,16,12,10318,74,124,1364,0.4589,0.3526,-0.2019
1205,6,5,2,181,2.2577,38,25,17588,82,124,1362,0.3965,0.5371,-0.2409
1206,6,5,2,122,2.0864,31,23,11743,82,116,1364,0.4047,0.6534,-0.248
1207,6,5,2,105,2.0212,24,15,10605,90,124,1364,0.4091,0.5249,-0.2109
1208,6,5,2,113,2.0531,40,21,10613,82,116,1364,0.4018,0.6413,-0.2663
1209,6,5,2,155,2.1903,27,17,14896,83,126,1364,0.412,0.4259,-0.2492
1210,6,5,2,107,2.0294,27,11,10136,81,126,1364,0.2478,0.4056,-0.2599
1211,6,5,2,118,2.0719,32,21,12348,78,132,1364,0.1906,0.6254,-0.1825
1212,6,5,2,147,2.1673,26,24,14121,85,124,1364,0.4106,0.5702,-0.2495
1213,6,5,2,147,2.1673,43,30,14312,84,124,1364,0.4047,0.6804,-0.2394
1214,6,5,2,105,2.0212,21,12,10284,85,111,1362,0.4141,0.3,-0.2348
1215,6,5,2,102,2.0086,27,15,9714,84,116,1362,0.4097,0.6357,-0.256
1216,6,5,2,161,2.2068,44,39,15643,85,124,1362,0.4067,0.6806,-0.2409
1217,6,5,2,168,2.2253,44,26,16835,86,125,1364,0.4106,0.6543,-0.2171
1218,6,5,2,125,2.0969,29,20,11804,81,108,1364,0.4164,0.6094,-0.2623
1219,6,5,2,118,2.0719,28,16,11084,82,111,1366,0.4158,0.5318,-0.2661
1220,6,5,2,196,2.2923,38,27,19028,84,117,1364,0.4106,0.6722,-0.2415
1221,6,5,3,308,2.4885,44,44,29612,82,125,1364,0.0616,0.4653,-0.2489
1222,6,5,3,274,2.4378,46,29,31551,101,133,1364,0.4531,0.5849,-0.1004
1223,6,5,2,129,2.1106,40,24,12571,84,124,1364,0.4164,0.6387,-0.2387
1224,6,5,2,194,2.2878,28,23,22254,101,132,1364,0.3827,0.3618,-0.1038
1225,6,5,3,313,2.4955,72,35,37460,106,135,1366,0.4217,0.5882,-0.065
1226,6,5,2,114,2.0569,31,24,13292,104,132,1364,0.4472,0.6833,-0.0891
1227,6,5,2,152,2.1818,37,35,17532,100,132,1364,0.39,0.6546,-0.0989
1228,6,5,2,117,2.0682,23,17,11880,89,118,1362,0.442,0.5667,-0.2067
1229,6,5,2,146,2.1644,44,28,16861,102,134,1362,0.4493,0.6756,-0.0978
1230,6,5,2,106,2.0253,35,22,10747,89,116,1362,0.4185,0.4952,-0.2079
1231,6,5,2,175,2.243,53,32,20658,104,134,1364,0.3123,0.6429,-0.0778
1232,6,5,3,208,2.3181,64,49,23267,96,133,1364,0.4223,0.7479,-0.1261
1233,6,5,3,238,2.3766,62,41,27036,96,134,1362,0.3642,0.5758,-0.1125
1234,6,5,3,385,2.5855,72,37,45215,103,135,1364,0.2889,0.5513,-0.0825
1235,6,5,3,289,2.4609,57,33,33682,99,134,1366,0.3573,0.415,-0.0895
1236,6,7,3,364,2.5611,99,60,41956,99,133,1358,0.3756,0.6111,-0.0995
1237,6,7,2,169,2.2279,47,27,20262,107,135,1356,0.972,0.5529,-0.0633
1238,6,14,2,102,2.0086,16,14,12417,115,132,1356,0.5369,0.3377,-0.0489
1239,6,14,3,574,2.7589,35,35,64288,89,126,1358,0.3137,0.3247,-0.125
1240,6,14,2,194,2.2878,26,24,21649,99,126,1360,0.8088,0.5245,-0.1282
1241,6,14,3,780,2.8921,47,45,84630,77,127,1362,0.8473,0.3122,-0.1523
1242,6,14,3,336,2.5263,30,25,35912,79,127,1362,0.931,0.2727,-0.165
1243,6,14,2,129,2.1106,15,13,15121,101,134,1362,0.3877,0.2367,-0.0842
1244,6,14,2,143,2.1553,20,21,16538,104,134,1362,0.3187,0.35,-0.0965
1245,6,14,2,141,2.1492,15,16,15515,99,126,1360,0.8471,0.2656,-0.1403
1246,6,14,2,133,2.1239,19,14,15524,107,127,1362,0.2863,0.3667,-0.0881
1247,6,14,2,101,2.0043,16,13,11579,101,127,1362,0.8943,0.3526,-0.1044
1248,6,14,2,147,2.1673,20,13,16975,104,132,1360,0.9456,0.2933,-0.0978
1249,6,14,2,163,2.2122,21,16,18644,99,127,1360,0.5074,0.3208,-0.1064
1250,6,14,3,238,2.3766,23,22,25516,78,127,1364,0.9546,0.2788,-0.1624
1251,6,14,3,699,2.8445,38,32,79690,78,132,1360,0.6456,0.2954,-0.1093
1252,6,14,3,571,2.7566,37,25,58587,63,127,1362,0.3495,0.2387,-0.1984
1253,6,4,2,176,2.2455,25,32,21321,104,141,1358,0.0088,0.3889,-0.0536
1254,6,4,2,142,2.1523,23,28,18238,100,151,1358,0.0206,0.4929,0.0034
1255,6,5,2,119,2.0756,16,12,10350,56,111,1362,0.3348,0.1736,-0.3205
1256,6,5,2,123,2.0899,20,19,11278,79,108,1362,0.0441,0.3788,-0.2837
1257,6,5,2,162,2.2095,14,23,14626,73,124,1360,0.2794,0.2174,-0.2947
1258,6,11,3,349,2.5428,27,28,30422,50,124,1362,0.8766,0.2668,-0.319
1259,6,11,2,122,2.0864,13,15,10893,65,111,1364,0.2258,0.3222,-0.3025
1260,6,11,3,231,2.3636,25,27,21300,67,124,1364,0.195,0.4653,-0.2796
1261,6,11,3,287,2.4579,27,23,21603,27,110,1362,0.0602,0.2807,-0.4119
1262,6,11,2,143,2.1553,15,15,12193,56,126,1364,0.0997,0.2056,-0.3339
1263,6,11,3,519,2.7152,33,41,48309,65,124,1360,0.325,0.3972,-0.2728
1264,6,11,2,110,2.0414,20,22,12351,100,127,1354,0.3442,0.5,-0.1228
1265,6,11,2,140,2.1461,25,28,16076,103,132,1356,0.5162,0.5454,-0.1029
1266,6,11,3,231,2.3636,26,16,25096,56,141,1356,0.5841,0.3,-0.1512
1267,6,11,4,1035,3.0149,67,55,97966,46,125,1356,0.8909,0.5436,-0.2605
1268,7,14,2,137,2.1367,13,16,15672,85,133,1373,0.3685,0.2865,-0.1063
1269,7,17,3,525,2.7202,16,106,57020,95,127,1353,0.4922,0.4497,-0.1515
1270,7,17,4,2463,3.3915,188,212,296673,42,143,1353,0.0843,0.5322,-0.059
1271,7,17,4,4298,3.6333,188,189,515942,6,148,1353,0.3089,0.329,-0.0622
1272,7,17,4,2643,3.4221,170,285,271889,44,125,1353,0.0547,0.5896,-0.1963
1273,7,17,3,269,2.4297,22,29,26745,71,125,1353,0.1316,0.227,-0.2233
1274,7,17,3,375,2.574,25,37,38401,48,134,1353,0.4272,0.2204,-0.2
1275,7,9,1,15,1.1761,5,4,1826,110,135,1694,0.3743,0.25,-0.049
1276,7,14,5,5632,3.7507,286,141,591111,45,125,1356,0.0575,0.4254,-0.18
1277,7,14,5,5951,3.7746,302,136,617708,38,124,1356,0.0605,0.4727,-0.1891
1278,7,5,2,69,1.8389,10,14,5361,63,93,1656,0.0447,0.3365,-0.393
1279,7,5,2,138,2.1399,23,26,8720,48,84,1656,0.0374,0.4103,-0.5063
1280,7,5,2,116,2.0645,17,19,9105,65,94,1658,0.0434,0.3216,-0.3868
1281,7,5,3,308,2.4885,25,42,22991,55,94,1656,0.0519,0.2667,-0.4168
1282,7,5,2,116,2.0645,17,18,9110,64,94,1658,0.0856,0.4141,-0.3864
1283,7,20,2,152,2.1818,25,32,17101,101,125,1630,0.8123,0.4063,-0.121
1284,7,20,2,108,2.0334,12,15,11491,87,126,1626,0.6839,0.1,-0.1688
1285,7,25,3,352,2.5465,41,53,39648,92,141,1360,0.4353,0.3846,-0.12
1286,7,25,2,190,2.2787,22,31,21326,95,133,1362,0.8076,0.2339,-0.1231
1287,7,14,2,111,2.0453,16,23,13374,110,134,1358,0.8468,0.3967,-0.0587
1288,7,14,3,211,2.3243,26,28,23894,102,134,1374,0.1456,0.4725,-0.1153
1289,7,14,5,6652,3.8229,359,392,716869,4,140,1374,0.1106,0.4945,-0.1581
1290,7,28,3,253,2.4031,36,46,35308,127,151,1687,0.0,0.5366,0.0903
1291,7,28,4,1125,3.0512,63,131,140521,101,151,1687,0.0012,0.487,-0.0242
1292,7,28,2,110,2.0414,12,20,10340,71,116,1687,0.0024,0.3889,-0.2656
1293,7,28,2,125,2.0969,14,21,13987,97,141,1687,0.0107,0.3386,-0.1258
1294,7,28,2,150,2.1761,12,22,17566,99,140,1687,0.0166,0.3182,-0.0851
1295,7,28,2,140,2.1461,11,17,14533,76,125,1687,0.0071,0.2513,-0.189
1296,7,28,2,199,2.2989,12,19,20323,74,127,1687,0.0083,0.1272,-0.2021
1297,7,28,2,110,2.0414,11,19,12881,99,133,1687,0.0107,0.3567,-0.0852
1298,7,28,2,196,2.2923,11,31,22532,97,134,1687,0.0071,0.2097,-0.1019
1299,7,28,2,145,2.1614,13,24,17419,111,135,1687,0.0071,0.4508,-0.0615
1300,7,28,3,213,2.3284,17,37,24476,96,134,1687,0.0047,0.3604,-0.1023
1301,7,28,2,161,2.2068,13,29,18711,103,133,1687,0.0024,0.306,-0.0921
1302,7,28,3,304,2.4829,18,32,34142,90,133,1687,0.0,0.2083,-0.1226
1303,7,28,2,161,2.2068,12,21,18047,96,133,1687,0.0,0.303,-0.1243
1304,7,28,2,137,2.1367,18,39,18013,121,143,1687,0.0024,0.4145,0.0272
1305,7,28,2,125,2.0969,15,26,14353,102,126,1687,0.0047,0.399,-0.1029
1306,7,28,2,189,2.2765,18,35,21380,99,127,1687,0.0,0.325,-0.1162
1307,7,7,2,124,2.0934,16,22,14618,97,141,1658,0.0338,0.2955,-0.079
1308,7,7,2,91,1.959,15,17,10957,105,141,1658,0.0302,0.3309,-0.0593
1309,7,4,2,56,1.7482,11,11,5729,90,117,1362,0.0161,0.3636,-0.2007
1310,7,4,2,83,1.9191,18,31,7446,71,108,1360,0.0,0.3083,-0.2991
1311,7,18,2,131,2.1173,16,23,12909,81,117,1698,0.0024,0.288,-0.2301
1312,7,27,3,313,2.4955,33,58,29386,86,103,1353,0.1035,0.4309,-0.2665
1313,7,27,3,891,2.9499,36,155,76438,70,103,1353,0.0369,0.3613,-0.3298
1314,7,27,2,134,2.1271,12,25,14838,100,119,1353,0.2055,0.33,-0.1349
1315,7,27,3,230,2.3617,22,50,23697,93,118,1353,0.105,0.425,-0.1951
1316,7,14,2,120,2.0792,26,17,15146,117,140,1372,0.3119,0.4958,-0.0139
1317,7,14,2,133,2.1239,32,25,16759,114,134,1372,0.809,0.5908,-0.0156
1318,7,14,2,103,2.0128,25,26,13299,122,142,1372,0.7507,0.6098,0.0087
1319,7,14,2,170,2.2304,23,24,21545,118,141,1370,0.8204,0.2917,-0.0099
1320,7,14,2,168,2.2253,37,33,21640,119,143,1374,0.3945,0.5831,0.0063
1321,7,14,2,125,2.0969,35,18,16258,118,140,1372,0.793,0.5629,0.0161
1322,7,14,3,201,2.3032,38,35,26197,123,141,1372,0.5802,0.4626,0.0182
1323,7,14,2,169,2.2279,25,26,17587,96,118,1372,0.5641,0.2778,-0.187
1324,7,14,2,150,2.1761,47,28,19311,120,141,1374,0.5604,0.6094,0.0058
1325,7,14,2,103,2.0128,24,17,13577,125,142,1372,0.4927,0.5095,0.0298
1326,7,14,2,146,2.1644,36,29,18123,114,133,1372,0.4621,0.5731,-0.0302
1327,7,14,3,294,2.4683,51,49,39987,127,157,1372,0.4898,0.583,0.0626
1328,7,14,2,198,2.2967,42,34,24783,118,134,1372,0.5846,0.456,-0.0221
1329,7,14,2,192,2.2833,34,32,24530,120,140,1374,0.4061,0.5236,-0.0019
1330,7,14,2,180,2.2553,33,23,22591,119,135,1376,0.4433,0.5238,-0.0195
1331,7,14,2,107,2.0294,18,19,12543,110,132,1372,0.5583,0.4368,-0.0842
1332,7,14,2,182,2.2601,29,30,22232,115,133,1370,0.5051,0.4485,-0.0457
1333,7,14,3,264,2.4216,38,42,30966,106,132,1374,0.5313,0.4762,-0.0836
1334,7,14,3,213,2.3284,42,39,20512,80,118,1374,0.5196,0.5706,-0.2476
1335,7,14,3,308,2.4885,29,39,37264,113,132,1374,0.5429,0.3925,-0.0548
1336,7,14,3,265,2.4232,39,46,26849,88,119,1372,0.5321,0.3599,-0.2085
1337,7,14,3,229,2.3598,53,37,27597,111,134,1372,0.5204,0.624,-0.0585
1338,7,14,3,270,2.4314,34,38,28445,96,126,1372,0.5088,0.4231,-0.1769
1339,7,14,3,390,2.5911,51,50,46226,110,127,1372,0.5058,0.5221,-0.074
1340,7,14,3,217,2.3365,32,32,25231,107,126,1376,0.4026,0.5012,-0.0916
1341,7,14,2,56,1.7482,11,11,6337,97,132,1356,0.7699,0.2727,-0.1159
1342,7,27,2,114,2.0569,21,14,12693,90,140,1362,0.4302,0.3214,-0.1301
1343,7,25,2,99,1.9956,15,15,10868,92,140,1360,0.2485,0.34,-0.1424
1344,7,25,3,244,2.3874,24,33,23009,66,124,1358,0.0648,0.3838,-0.2633
1345,7,19,2,56,1.7482,9,10,5712,89,117,1366,0.1127,0.3,-0.2031
1346,7,16,3,303,2.4814,20,24,29885,54,133,1696,0.3113,0.2109,-0.2295
1347,7,16,3,308,2.4885,30,35,31689,79,124,1698,0.1602,0.4133,-0.1962
1348,7,16,2,139,2.143,19,23,15080,89,126,1696,0.2736,0.3285,-0.1524
1349,7,11,2,187,2.2718,20,21,13351,49,101,1362,0.3994,0.2579,-0.4422
1350,7,14,3,872,2.9405,165,53,95600,103,119,1387,0.3389,0.3313,-0.1435
1351,7,28,2,170,2.2304,44,15,21321,118,134,1687,0.6224,0.4408,-0.0202
1352,7,14,4,1753,3.2438,249,132,202897,101,135,1358,0.3181,0.9275,-0.0958
1353,7,15,1,49,1.6902,9,7,6391,118,141,1358,0.4212,0.2222,0.019
1354,7,14,3,383,2.5832,81,59,39202,96,111,1376,0.1119,0.5295,-0.2004
1355,7,14,2,162,2.2095,46,27,17260,99,126,1360,0.8015,0.6124,-0.1676
1356,7,17,4,1107,3.0442,155,85,128883,107,126,1353,0.6637,0.6018,-0.0904
1357,7,17,2,178,2.2504,60,39,22761,120,135,1353,0.816,0.555,-0.001
1358,7,14,2,131,2.1173,68,3,16504,54,190,1227,0.0782,0.0368,-0.0157
1359,7,5,3,660,2.8195,153,61,89110,113,156,1360,0.65,0.45,0.0548
1360,7,15,1,29,1.4624,18,6,3489,116,126,1358,0.7437,0.5735,-0.0601
1361,7,14,4,1228,3.0892,69,64,124716,55,126,1666,0.3613,0.3155,-0.2066
1362,7,14,3,536,2.7292,118,52,61209,106,127,1670,0.7689,0.5621,-0.1078
1363,7,14,4,1695,3.2292,247,106,197365,103,132,1668,0.6763,0.4891,-0.0903
1364,7,14,3,955,2.98,136,80,104555,99,119,1666,0.6206,0.4846,-0.1447
1365,7,14,2,75,1.8751,28,15,10500,134,149,1664,0.738,0.5098,0.0938
1366,7,5,2,62,1.7924,24,15,5744,82,109,1370,0.9445,0.5571,-0.2762
1367,7,5,2,68,1.8325,26,11,6013,79,101,1370,0.8,0.3462,-0.3092
1368,7,5,2,78,1.8921,29,18,9512,111,135,1370,0.4599,0.6389,-0.0473
1369,7,5,1,49,1.6902,17,5,5842,108,140,1366,0.4846,0.3875,-0.0686
1370,7,5,2,57,1.7559,25,8,5917,92,117,1364,0.3431,0.43,-0.189
1371,7,5,2,52,1.716,19,7,5111,89,110,1360,0.6162,0.3158,-0.2321
1372,7,5,2,77,1.8865,25,16,8170,95,119,1356,0.2979,0.4967,-0.1711
1373,7,5,1,46,1.6628,10,8,5003,95,127,1354,0.5081,0.3611,-0.1503
1374,7,5,2,59,1.7708,21,8,6318,97,118,1360,0.3603,0.5662,-0.1634
1375,7,7,4,4307,3.6342,361,123,361568,64,118,1360,0.6544,0.3064,-0.3442
1376,7,7,5,11797,4.0718,705,225,1290423,78,252,1358,0.5302,0.4035,-0.1454
1377,7,7,5,10166,4.0072,593,166,1096472,78,141,1360,0.5794,0.4034,-0.1574
1378,7,7,3,359,2.5551,79,49,50750,130,158,1360,0.2279,0.5251,0.1044
1379,7,7,5,6670,3.8241,501,171,724380,85,134,1356,0.6401,0.4542,-0.1515
1380,7,7,3,981,2.9917,187,105,111196,97,134,1360,0.6427,0.6414,-0.1145
1381,7,7,4,1535,3.1861,239,120,173468,97,132,1358,0.6348,0.6116,-0.1171
1382,7,7,5,15775,4.198,1275,276,1689009,61,135,1354,0.0872,0.5709,-0.1635
1383,7,7,4,1851,3.2674,304,87,201109,91,132,1352,0.6435,0.4753,-0.1512
1384,7,14,3,343,2.5353,106,28,39231,105,127,1358,0.6775,0.5487,-0.1064
1385,7,14,2,194,2.2878,58,10,22315,105,134,1356,0.4513,0.4327,-0.1014
1386,7,14,3,527,2.7218,118,44,62384,110,134,1358,0.5228,0.548,-0.0752
1387,7,14,3,368,2.5659,110,35,43968,111,133,1356,0.6622,0.54,-0.0666
1388,7,14,2,130,2.1139,44,17,15364,109,127,1362,0.7709,0.4583,-0.0767
1389,7,14,3,226,2.3541,50,18,25843,106,126,1360,0.5809,0.3274,-0.1066
1390,7,14,4,3256,3.5127,417,106,345545,89,127,1356,0.3112,0.4963,-0.1709
1391,7,14,3,202,2.3054,73,17,24816,116,134,1360,0.4177,0.4466,-0.0402
1392,7,14,2,122,2.0864,58,13,14877,116,134,1356,0.4144,0.5793,-0.0473
1393,7,14,2,119,2.0756,30,12,14029,110,127,1356,0.559,0.4491,-0.079
1394,7,14,2,111,2.0453,45,19,12886,109,126,1358,0.3373,0.5256,-0.0931
1395,7,14,2,55,1.7404,10,14,11560,203,220,1387,0.8436,0.4388,0.6421
1396,7,14,4,1111,3.0457,62,74,96340,50,108,1627,0.8494,0.5524,-0.3225
1397,7,14,3,665,2.8228,41,42,63000,35,116,1627,0.6995,0.4136,-0.2599
1398,7,14,3,512,2.7093,55,49,68556,127,141,1627,0.6552,0.433,0.0461
1399,7,14,4,2243,3.3508,241,195,297086,122,142,1627,0.9256,0.6685,0.0348
1400,7,14,2,181,2.2577,27,20,17363,84,109,1354,0.7814,0.516,-0.2506
1401,7,5,2,144,2.1584,20,16,14169,84,116,1646,0.616,0.4353,-0.2313
1402,7,27,2,126,2.1004,12,14,14727,103,127,1353,0.2528,0.25,-0.0869
1403,7,27,2,197,2.2945,14,17,22098,89,132,1353,0.3622,0.1723,-0.1236
1404,7,14,2,172,2.2355,15,16,19997,101,127,1387,0.8796,0.2356,-0.0917
1405,7,5,2,66,1.8195,10,10,7181,89,123,1687,0.7848,0.175,-0.15
1406,7,5,2,68,1.8325,13,9,6216,80,103,1687,0.1494,0.3131,-0.2858
1407,7,5,2,64,1.8062,12,8,7296,97,132,1687,0.7516,0.2,-0.1094
1408,7,4,2,60,1.7781,12,11,6735,99,127,1687,0.7232,0.2593,-0.123
1409,7,4,1,48,1.6812,8,9,5418,98,132,1687,0.7101,0.3333,-0.1182
1410,7,4,1,31,1.4914,9,6,3476,99,121,1687,0.9401,0.3542,-0.124
1411,7,4,2,69,1.8389,11,10,7446,87,127,1687,0.7718,0.2333,-0.1569
1412,7,7,2,87,1.9395,18,11,9260,81,127,1687,0.6485,0.281,-0.1685
1413,7,7,2,70,1.8451,12,11,7279,82,125,1687,0.7445,0.3636,-0.1876
1414,7,7,2,85,1.9294,12,13,10892,115,140,1687,0.3545,0.1827,0.0011
1415,7,7,2,54,1.7324,9,8,6942,116,143,1687,0.1885,0.25,0.0043
1416,7,7,1,41,1.6128,12,7,4162,88,117,1687,0.914,0.3788,-0.2069
1417,7,7,2,57,1.7559,11,7,5464,82,108,1687,0.0842,0.2597,-0.2511
1418,7,1,2,170,2.2304,21,21,18503,82,127,1353,0.51,0.2641,-0.1497
1419,7,1,3,258,2.4116,20,26,26729,77,122,1353,0.2439,0.3385,-0.1906
1420,7,15,2,198,2.2967,21,18,18327,54,118,1353,0.8234,0.3149,-0.2769
1421,7,4,2,128,2.1072,18,15,17802,132,150,1364,0.4721,0.3436,0.0865
1422,7,4,2,68,1.8325,13,10,7457,91,125,1364,0.5337,0.3131,-0.1433
1423,7,4,2,113,2.0531,27,18,14982,125,142,1362,0.2614,0.4619,0.0358
1424,7,4,3,212,2.3263,20,22,21031,77,118,1362,0.8693,0.3977,-0.225
1425,7,4,2,60,1.7781,9,10,6750,92,134,1364,0.6701,0.25,-0.1211
1426,7,4,2,99,1.9956,18,11,9347,61,119,1362,0.8664,0.25,-0.2624
1427,7,4,2,74,1.8692,15,11,8292,93,132,1364,0.7507,0.4394,-0.1246
1428,7,4,2,101,2.0043,27,17,13866,128,149,1366,0.4144,0.5792,0.0726
1429,7,4,3,216,2.3345,27,30,22418,93,119,1364,0.9897,0.4462,-0.1892
1430,7,4,2,57,1.7559,11,9,6135,89,127,1364,0.4956,0.3667,-0.1591
1431,7,4,2,86,1.9345,15,11,9203,91,124,1356,0.7861,0.3485,-0.164
1432,7,3,3,210,2.3222,18,17,20438,48,126,1650,0.7939,0.2734,-0.2397
1433,7,3,2,110,2.0414,14,12,11674,73,133,1648,0.5886,0.2361,-0.1709
1434,7,10,2,66,1.8195,12,8,7164,87,135,1690,0.6166,0.175,-0.152
1435,7,10,1,33,1.5185,8,7,3806,102,134,1688,0.3886,0.3265,-0.099
1436,7,10,2,92,1.9638,16,12,9704,71,132,1688,0.4088,0.2333,-0.176
1437,7,10,2,111,2.0453,24,17,14697,118,143,1690,0.7621,0.3901,0.0344
1438,7,10,2,140,2.1461,21,14,13836,58,135,1690,0.6627,0.3333,-0.2279
1439,7,7,2,74,1.8692,13,11,7842,78,132,1652,0.6937,0.2525,-0.1721
1440,7,7,3,476,2.6776,38,25,45968,40,141,1666,0.6014,0.2384,-0.2455
1441,7,7,2,59,1.7708,11,10,6936,102,135,1656,0.6304,0.2625,-0.0816
1442,7,7,2,124,2.0934,12,14,13351,85,125,1656,0.3623,0.2051,-0.1588
1443,7,7,2,119,2.0756,16,13,13108,81,132,1658,0.5235,0.2372,-0.1394
1444,7,5,4,1222,3.0871,77,54,112240,36,116,1654,0.9383,0.4062,-0.2824
1445,7,5,2,64,1.8062,12,8,7197,91,134,1656,0.7729,0.2,-0.1215
1446,7,5,2,100,2.0,13,12,9458,77,110,1652,0.1247,0.2424,-0.2611
1447,7,5,2,155,2.1903,19,14,14729,71,114,1654,0.1596,0.3487,-0.2576
1448,7,5,4,1284,3.1086,68,61,116623,42,117,1648,0.1007,0.4368,-0.2904
1449,7,7,2,82,1.9138,13,11,8745,77,133,1696,0.625,0.3223,-0.1668
1450,7,7,2,69,1.8389,12,9,8210,99,143,1688,0.2026,0.303,-0.0704
1451,7,4,2,68,1.8325,10,11,8586,101,142,1618,0.178,0.2273,-0.0136
1452,7,14,2,191,2.281,17,18,22601,101,135,1666,0.6194,0.2421,-0.0755
1453,7,14,3,456,2.659,32,31,49848,92,124,1668,0.1715,0.2645,-0.146
1454,7,14,2,114,2.0569,14,15,12808,102,124,1666,0.3529,0.24,-0.1223
1455,7,25,2,55,1.7404,10,9,6216,100,132,1362,0.8297,0.2361,-0.117
1456,7,20,2,85,1.9294,14,11,10211,111,134,1396,0.3352,0.2975,-0.0615
1457,7,14,2,54,1.7324,12,9,6100,101,126,1360,0.8809,0.3333,-0.1175
1458,7,14,2,118,2.0719,16,13,14120,103,253,1358,0.3358,0.2436,-0.0652
1459,7,17,2,54,1.7324,10,10,6091,104,124,1692,0.26,0.4,-0.1188
1460,7,14,2,98,1.9912,14,12,9016,82,102,1356,0.7434,0.0926,-0.2813
1461,7,14,2,183,2.2624,19,21,19652,91,126,1358,0.187,0.2738,-0.161
1462,7,14,3,576,2.7604,34,34,61342,84,133,1362,0.8194,0.2299,-0.168
1463,7,14,3,451,2.6542,33,27,42862,25,132,1354,0.2393,0.3061,-0.2575
1464,7,5,2,194,2.2878,17,17,21009,77,134,1694,0.758,0.2868,-0.154
1465,7,16,2,73,1.8633,11,10,6734,70,109,1694,0.6623,0.27,-0.2793
1466,7,16,2,86,1.9345,15,10,7987,73,109,1694,0.3294,0.2182,-0.2744
1467,7,16,2,137,2.1367,15,15,16692,109,134,1692,0.5627,0.301,-0.0481
1468,7,16,2,71,1.8513,14,8,7768,96,126,1698,0.8799,0.1932,-0.1452
1469,7,16,1,33,1.5185,9,6,3751,105,126,1698,0.9411,0.2143,-0.112
1470,7,16,2,75,1.8751,11,12,8268,91,125,1696,0.5719,0.2188,-0.1388
1471,7,16,2,59,1.7708,12,8,6638,95,127,1696,0.73,0.1806,-0.121
1472,7,5,3,638,2.8048,44,36,56456,53,126,1364,0.5352,0.3568,-0.3087
1473,7,14,2,106,2.0253,12,16,12311,107,125,1358,0.3564,0.3375,-0.0926
1474,7,14,2,143,2.1553,20,14,16288,96,127,1362,0.3304,0.2704,-0.1101
1475,7,14,2,178,2.2504,19,16,20778,105,132,1360,0.3206,0.302,-0.088
1476,7,14,2,190,2.2787,18,20,22158,102,132,1360,0.7882,0.3214,-0.0889
1477,7,14,3,305,2.4843,33,27,34579,80,127,1360,0.2912,0.4055,-0.1143
1478,7,11,2,125,2.0969,17,13,14167,83,141,1356,0.5678,0.256,-0.1146
1479,7,32,3,479,2.6803,61,67,43294,82,102,1692,0.1549,0.7052,-0.2939
1480,7,32,4,1695,3.2292,145,133,159918,80,108,1692,0.3002,0.5993,-0.2629
1481,7,32,3,326,2.5132,35,49,31251,87,109,1692,0.1324,0.4776,-0.2511
1482,7,32,3,204,2.3096,28,37,16370,71,93,1692,0.3061,0.4988,-0.3731
1483,7,32,3,714,2.8537,79,78,65282,80,103,1692,0.2801,0.5861,-0.2857
1484,7,32,3,297,2.4728,48,42,28658,89,108,1692,0.2778,0.5359,-0.2462
1485,7,32,3,301,2.4786,42,35,29002,89,103,1692,0.2801,0.4267,-0.2473
1486,7,32,3,218,2.3385,36,32,23865,93,124,1692,0.1265,0.4954,-0.1447
1487,7,32,3,744,2.8716,72,65,73055,77,111,1692,0.292,0.4779,-0.2329
1488,7,32,2,174,2.2406,30,27,20469,106,127,1692,0.1336,0.4563,-0.0809
1489,7,32,2,168,2.2253,36,29,18671,99,124,1692,0.1182,0.5385,-0.1317
1490,7,32,3,703,2.847,123,87,71130,63,111,1692,0.2825,0.6026,-0.2095
1491,7,32,3,460,2.6628,49,44,46972,86,111,1692,0.2884,0.3707,-0.2022
1492,7,32,3,509,2.7067,68,57,53843,49,124,1692,0.1088,0.5339,-0.1736
1493,7,32,2,192,2.2833,44,28,24070,112,140,1692,0.1277,0.5556,-0.0206
1494,7,32,3,305,2.4843,37,46,14320,7,86,1692,0.2872,0.3972,-0.6332
1495,7,32,3,323,2.5092,51,53,33607,88,119,1692,0.1064,0.5605,-0.1871
1496,7,32,2,123,2.0899,19,17,10646,77,103,1692,0.1111,0.3971,-0.3238
1497,7,32,3,200,2.301,30,25,18651,66,108,1692,0.2991,0.3333,-0.2715
1498,7,32,3,833,2.9207,91,80,86329,85,117,1692,0.3026,0.5042,-0.1903
1499,7,32,2,196,2.2923,29,27,19434,90,110,1692,0.2991,0.5644,-0.2254
1500,7,32,3,430,2.6335,73,59,49094,93,127,1692,0.2967,0.563,-0.108
1501,7,32,3,549,2.7396,54,58,60860,94,124,1692,0.2908,0.398,-0.1339
1502,7,32,4,1570,3.1959,176,128,128770,29,111,1692,0.0969,0.5196,-0.3592
1503,7,32,4,2293,3.3604,107,140,217759,82,116,1353,0.3917,0.4882,-0.2581
1504,7,32,4,4860,3.6866,406,366,552220,96,133,1353,0.4346,0.6698,-0.1123
1505,7,32,5,6102,3.7855,251,303,655912,87,133,1353,0.4804,0.6469,-0.1602
1506,7,20,2,122,2.0864,30,28,13961,107,127,1394,0.264,0.592,-0.106
1507,7,20,3,279,2.4456,58,51,35410,118,141,1396,0.2178,0.5255,-0.0085
1508,7,20,3,461,2.6637,64,60,54676,112,132,1396,0.212,0.6234,-0.0734
1509,7,17,2,87,1.9395,33,19,10070,108,127,1690,0.1053,0.5469,-0.0957
1510,7,17,2,99,1.9956,35,20,10357,97,116,1692,0.1194,0.6563,-0.1827
1511,7,17,4,1421,3.1526,239,204,162939,104,127,1692,0.0827,0.6904,-0.1042
1512,7,17,2,87,1.9395,20,15,9275,99,124,1690,0.1183,0.42,-0.1671
1513,7,17,2,137,2.1367,32,25,15359,103,126,1692,0.0768,0.5745,-0.1241
1514,7,14,2,171,2.233,28,28,17727,95,117,1362,0.1703,0.3214,-0.1901
1515,7,14,3,229,2.3598,25,23,25182,101,127,1362,0.0323,0.273,-0.1409
1516,7,14,4,2962,3.4716,231,284,342202,101,127,1362,0.0896,0.6448,-0.0974
1517,7,5,3,318,2.5024,12,62,21582,19,99,1687,0.0012,0.2673,-0.4698
1518,7,15,3,353,2.5478,13,38,27389,45,108,1387,0.013,0.2661,-0.3938
1519,7,15,2,115,2.0607,9,19,9441,44,109,1387,0.0188,0.3275,-0.3586
1520,7,15,2,101,2.0043,7,29,7514,44,95,1387,0.013,0.4195,-0.4188
1521,7,17,4,1934,3.2865,82,246,178741,11,127,1353,0.0,0.3853,-0.278
1522,7,17,2,148,2.1703,8,58,14298,61,121,1353,0.0,0.4897,-0.2453
1523,7,17,3,260,2.415,23,56,27344,46,127,1353,0.0,0.6154,-0.1784
1524,7,17,4,3325,3.5218,117,257,326345,0,134,1353,0.0,0.5619,-0.2332
1525,7,17,3,309,2.49,13,59,27035,36,117,1353,0.0,0.5636,-0.3165
1526,7,17,3,247,2.3927,46,61,31824,121,141,1353,0.0,0.6368,0.0066
1527,7,15,2,102,2.0086,9,15,8359,70,95,1715,0.0023,0.15,-0.3598
1528,7,17,3,297,2.4728,59,43,34779,110,127,1353,0.0754,0.3654,-0.0852
1529,7,15,5,5323,3.7262,245,395,460547,19,120,1715,0.0035,0.4677,-0.3241
1530,7,2,2,52,1.716,13,13,5448,87,126,1688,0.0462,0.4286,-0.1815
1531,7,2,3,200,2.301,23,24,18075,77,110,1686,0.0024,0.359,-0.2939
1532,7,4,3,468,2.6702,70,54,41524,80,101,1692,0.0366,0.4382,-0.3068
1533,7,4,3,652,2.8142,49,48,56018,73,108,1688,0.0261,0.433,-0.3288
1534,7,4,2,93,1.9685,13,14,5606,42,84,1692,0.0071,0.2619,-0.5291
1535,7,4,5,6965,3.8429,271,317,650853,68,124,1686,0.2835,0.475,-0.27
1536,7,3,3,244,2.3874,39,25,30769,113,140,1652,0.2324,0.592,-0.0148
1537,7,3,2,51,1.7076,21,9,5843,102,127,1652,0.109,0.4632,-0.1049
1538,7,9,2,80,1.9031,24,12,9778,103,143,1692,0.9846,0.5031,-0.0451
1539,7,26,2,121,2.0828,18,17,15526,119,141,1360,0.7456,0.3352,0.0025
1540,7,14,2,99,1.9956,30,18,13131,125,143,1378,0.8331,0.4844,0.0362
1541,7,14,3,252,2.4014,21,23,27453,87,127,1378,0.0508,0.3555,-0.1489
1542,7,14,2,55,1.7404,22,11,7553,132,143,1374,0.4949,0.4211,0.0729
1543,7,14,4,3432,3.5356,258,330,389429,92,143,1366,0.2094,0.7878,-0.1135
1544,7,14,3,271,2.433,56,26,32459,112,134,1370,0.1504,0.5913,-0.0643
1545,7,14,2,89,1.9494,14,13,11759,125,143,1370,0.5927,0.3776,0.0322
1546,7,14,2,131,2.1173,16,15,13742,95,118,1346,0.0609,0.3316,-0.1805
1547,7,14,2,138,2.1399,25,25,7331,21,79,1348,0.0593,0.5385,-0.585
1548,7,14,2,68,1.8325,13,13,7873,102,134,1354,0.1876,0.4188,-0.0955
1549,7,14,2,90,1.9542,13,16,11422,114,141,1354,0.2171,0.2969,-0.0085
1550,7,14,2,72,1.8573,36,12,9217,120,140,1352,0.3269,0.6667,0.0001
1551,7,14,2,57,1.7559,12,12,6994,114,140,1352,0.1391,0.3214,-0.0414
1552,7,14,2,63,1.7993,10,11,7769,111,140,1350,0.0341,0.3636,-0.0366
1553,7,14,2,105,2.0212,14,36,12615,111,135,1354,0.0325,0.4167,-0.0614
1554,7,14,2,86,1.9345,13,26,10024,108,126,1352,0.0355,0.3385,-0.0894
1555,7,14,2,74,1.8692,12,33,8995,112,132,1352,0.0296,0.2525,-0.0504
1556,7,14,2,82,1.9138,44,4,10361,58,188,1374,0.5546,0.0682,-0.0129
1557,7,14,2,75,1.8751,30,7,9556,104,149,1376,0.1439,0.375,-0.0046
1558,7,7,2,82,1.9138,23,6,10827,123,141,1630,0.2638,0.287,0.0315
1559,7,7,2,126,2.1004,32,24,16734,125,143,1630,0.3436,0.5227,0.0376
1560,7,7,1,18,1.2553,4,5,2034,102,124,1694,0.7167,0.1,-0.1172
1561,7,26,1,35,1.5441,13,6,4606,125,143,1362,0.091,0.4615,0.0281
1562,7,15,2,129,2.1106,50,25,16937,123,141,1354,0.2289,0.6335,0.0257
1563,7,1,2,90,1.9542,28,20,9057,91,111,1353,0.8588,0.5833,-0.2138
1564,7,5,3,824,2.9159,100,61,93355,100,134,1694,0.6517,0.4768,-0.1149
1565,7,5,4,1939,3.2876,192,116,239860,109,247,1692,0.6217,0.8011,-0.0336
1566,7,10,3,392,2.5933,19,39,40498,77,127,1360,0.8882,0.3299,-0.1929
1567,7,10,3,836,2.9222,38,101,86830,80,129,1360,0.1941,0.4775,-0.1886
1568,7,5,2,159,2.2014,25,29,18514,105,128,1687,0.4564,0.5457,-0.0903
1569,7,5,2,113,2.0531,12,12,11369,86,115,1687,0.2537,0.2153,-0.214
1570,7,5,2,114,2.0569,10,15,11618,77,122,1687,0.7777,0.24,-0.2038
1571,7,5,2,116,2.0645,10,15,11910,75,123,1687,0.6011,0.2267,-0.1979
1572,7,5,2,169,2.2279,9,24,18067,87,127,1687,0.6283,0.1198,-0.1648
1573,7,5,4,3583,3.5543,130,314,349860,65,122,1687,0.6568,0.4514,-0.2371
1574,7,5,4,1613,3.2076,104,172,144769,72,104,1687,0.0,0.4959,-0.2988
1575,7,5,3,745,2.8722,42,125,55239,56,94,1687,0.0,0.4993,-0.4207
1576,7,5,4,1949,3.2898,68,162,144252,56,99,1687,0.0,0.3686,-0.4218
1577,7,5,3,806,2.9063,61,140,87496,83,132,1687,0.7694,0.5097,-0.1519
1578,7,5,3,709,2.8507,39,108,68984,81,110,1687,0.0,0.2706,-0.2399
1579,7,5,3,949,2.9773,43,118,76361,59,106,1687,0.0,0.4206,-0.3714
1580,7,5,4,1183,3.073,80,162,91488,57,101,1687,0.0,0.4583,-0.3958
1581,7,5,3,996,2.9983,45,120,78978,59,106,1687,0.0,0.4022,-0.3805
1582,7,5,3,754,2.8774,55,106,61497,63,106,1687,0.0,0.4771,-0.3628
1583,7,5,3,862,2.9355,37,113,69375,63,101,1687,0.0,0.4503,-0.3712
1584,7,5,2,61,1.7853,16,13,7145,105,127,1687,0.4576,0.3646,-0.0849
1585,7,5,2,169,2.2279,34,43,17673,85,120,1687,0.0948,0.5306,-0.183
1586,7,7,2,54,1.7324,22,22,6470,110,129,1467,0.2672,0.6539,-0.064
1587,7,7,3,333,2.5224,28,27,35740,91,123,1623,0.8651,0.3419,-0.1615
1588,7,24,3,369,2.567,18,34,41469,52,148,1687,0.5169,0.3616,-0.122
1589,7,28,3,360,2.5563,52,48,45627,113,141,1687,0.971,0.5,-0.0098
1590,7,28,2,185,2.2672,15,31,20399,97,124,1687,0.4967,0.254,-0.1386
1591,7,14,3,226,2.3541,12,27,24102,84,133,1373,0.9337,0.2391,-0.1668
1592,7,14,5,37334,4.5721,908,903,3918209,19,134,1387,0.0216,0.3238,-0.1801
1593,7,17,3,230,2.3617,41,42,20570,82,101,1353,0.0931,0.6088,-0.3013
1594,7,17,4,1467,3.1664,37,68,146487,83,124,1353,0.2143,0.1814,-0.2199
1595,7,17,4,1283,3.1082,109,118,160146,110,136,1353,0.2587,0.4965,-0.0248
1596,7,17,2,107,2.0294,13,26,10888,96,111,1353,0.071,0.2867,-0.205
1597,7,17,3,788,2.8965,67,137,65200,61,96,1353,0.0133,0.5373,-0.3536
1598,7,17,3,419,2.6222,40,60,44609,97,119,1353,0.405,0.5099,-0.1682
1599,7,17,2,184,2.2648,21,24,16987,85,103,1353,0.1227,0.303,-0.2787
1600,7,17,3,260,2.415,34,42,27974,96,119,1353,0.2675,0.563,-0.1594
1601,7,7,3,747,2.8733,62,72,76627,85,127,1280,0.2344,0.4463,-0.1986
1602,7,32,4,1002,3.0009,97,64,99456,87,116,1633,0.0894,0.5718,-0.2245
1603,7,30,2,138,2.1399,17,25,16548,101,133,1633,0.2241,0.448,-0.0632
1604,7,14,2,191,2.281,17,16,20590,67,133,1627,0.3995,0.2042,-0.1578
1605,7,5,4,1055,3.0233,69,56,110262,72,125,1687,0.6319,0.4816,-0.1835
1606,7,2,2,64,1.8062,14,15,6761,91,116,1690,0.3621,0.4667,-0.1747
1607,7,4,2,109,2.0374,18,11,11746,100,119,1692,0.104,0.4495,-0.1581
1608,7,4,2,63,1.7993,10,10,6207,78,114,1690,0.9905,0.3,-0.2303
1609,7,4,2,147,2.1673,22,20,15513,91,127,1690,0.4107,0.265,-0.1755
1610,7,4,2,77,1.8865,11,15,8602,98,125,1692,0.6785,0.3583,-0.1272
1611,7,4,2,137,2.1367,21,19,15397,95,131,1690,0.9314,0.3445,-0.122
1612,7,4,2,101,2.0043,15,12,10160,66,133,1692,0.8357,0.2349,-0.2141
1613,7,4,4,2782,3.4444,179,42,334869,66,159,1688,0.1102,0.4322,-0.0596
1614,7,4,3,293,2.4669,50,29,41492,133,151,1364,0.6613,0.5189,0.1063
1615,7,4,2,78,1.8921,20,13,10621,129,148,1364,0.783,0.4545,0.0638
1616,7,4,2,74,1.8692,26,10,10476,129,151,1364,0.7551,0.4394,0.106
1617,7,4,5,6019,3.7795,211,119,541426,16,125,1364,0.5191,0.4333,-0.2972
1618,7,4,2,83,1.9191,14,10,9452,101,127,1650,0.0521,0.2315,-0.1103
1619,7,4,2,72,1.8573,13,10,8537,97,133,1650,0.9236,0.3455,-0.0737
1620,7,4,2,73,1.8633,14,12,7241,86,118,1652,0.5738,0.4931,-0.2251
1621,7,4,3,278,2.444,32,33,23817,68,103,1654,0.6505,0.4022,-0.3307
1622,7,4,2,80,1.9031,25,11,8595,97,117,1652,0.0787,0.3333,-0.1606
1623,7,4,2,83,1.9191,15,14,9956,101,134,1652,0.3632,0.5059,-0.0629
1624,7,4,3,409,2.6117,65,53,47513,103,132,1654,0.1233,0.4881,-0.0924
1625,7,4,2,102,2.0086,15,13,10855,95,118,1650,0.1673,0.3965,-0.1686
1626,7,4,2,55,1.7404,10,9,6243,96,127,1650,0.7127,0.2361,-0.1132
1627,7,4,2,155,2.1903,28,17,17114,92,129,1650,0.5685,0.6036,-0.1374
1628,7,4,2,57,1.7559,11,10,6396,97,126,1650,0.4146,0.2875,-0.1234
1629,7,7,2,74,1.8692,12,13,6557,76,102,1652,0.9952,0.1868,-0.3077
1630,7,7,2,145,2.1614,16,21,13334,67,118,1650,0.3915,0.3095,-0.2816
1631,7,7,2,82,1.9138,14,11,8485,90,116,1712,0.7418,0.2546,-0.1916
1632,7,7,2,53,1.7243,20,12,6554,113,141,1710,0.3614,0.4952,-0.0339
1633,7,8,2,71,1.8513,21,15,9944,131,151,1364,0.2786,0.5449,0.0942
1634,7,5,2,78,1.8921,13,12,8448,89,129,1652,0.8136,0.2778,-0.1539
1635,7,5,2,89,1.9494,12,11,8193,78,103,1652,0.0896,0.1909,-0.2808
1636,7,5,2,149,2.1732,16,16,16217,95,125,1656,0.9203,0.224,-0.1497
1637,7,5,3,784,2.8943,66,54,82565,67,133,1648,0.0255,0.7209,-0.1772
1638,7,4,2,52,1.716,8,7,6293,104,142,1620,0.5543,0.0714,-0.0545
1639,7,4,2,88,1.9445,17,11,10515,111,132,1692,0.3913,0.45,-0.0665
1640,7,14,2,150,2.1761,17,24,17768,105,132,1360,0.6794,0.375,-0.0746
1641,7,14,2,110,2.0414,13,12,12304,100,124,1360,0.8235,0.2361,-0.1261
1642,7,14,1,42,1.6233,10,12,4998,112,125,1360,0.6941,0.3636,-0.0703
1643,7,14,2,66,1.8195,8,10,7605,97,134,1360,0.7338,0.175,-0.0998
1644,7,14,1,49,1.6902,9,13,5907,115,132,1360,0.7265,0.3194,-0.0582
1645,7,14,3,289,2.4609,35,40,30229,75,124,1374,0.9243,0.3979,-0.1828
1646,7,14,3,657,2.8176,53,62,73236,71,132,1374,0.7467,0.4954,-0.1291
1647,7,22,1,45,1.6532,8,10,4552,93,118,1358,0.5243,0.3571,-0.2097
1648,7,22,1,25,1.3979,7,7,2576,99,110,1360,0.6162,0.2857,-0.195
1649,7,22,2,81,1.9085,11,15,9462,107,125,1360,0.6,0.325,-0.0874
1650,7,22,2,68,1.8325,11,13,7451,97,124,1360,0.4838,0.2528,-0.144
1651,7,22,3,366,2.5635,34,29,37407,80,132,1360,0.6662,0.2988,-0.2015
1652,7,14,2,193,2.2856,19,21,19028,66,125,1360,0.1838,0.2341,-0.2298
1653,7,14,3,415,2.6181,29,37,45783,82,127,1360,0.6441,0.3025,-0.1381
1654,7,27,2,54,1.7324,12,10,6634,114,133,1366,0.4129,0.3333,-0.0402
1655,7,25,2,73,1.8633,15,20,8836,110,134,1356,0.41,0.27,-0.0544
1656,7,17,3,224,2.3503,34,30,26255,108,127,1690,0.3503,0.4483,-0.0843
1657,7,17,3,345,2.5378,86,56,45673,123,143,1694,0.8855,0.7718,0.0343
1658,7,17,3,263,2.42,31,31,28320,86,126,1690,0.9266,0.394,-0.1587
1659,7,17,2,68,1.8325,12,15,7836,107,127,1692,0.9279,0.4333,-0.0997
1660,7,14,2,121,2.0828,17,12,11890,67,125,1356,0.0133,0.2798,-0.2323
1661,7,5,2,103,2.0128,14,11,11535,85,133,1694,0.4014,0.2197,-0.1251
1662,7,14,2,139,2.143,14,25,16593,108,133,1356,0.6637,0.2057,-0.0674
1663,7,11,2,139,2.143,13,26,10685,61,94,1362,0.9295,0.3317,-0.3995
1664,7,11,2,161,2.2068,17,17,11803,41,95,1364,0.1085,0.2715,-0.4273
1665,7,11,2,168,2.2253,19,11,15757,61,124,1360,0.4823,0.1962,-0.2673
1666,7,11,3,980,2.9912,80,46,92750,24,133,1356,0.3687,0.4444,-0.2606
1667,7,11,2,150,2.1761,19,20,15635,81,126,1356,0.8687,0.375,-0.1857
1668,7,11,5,19818,4.2971,905,583,1966409,46,135,1358,0.5184,0.7328,-0.2248
1669,7,11,3,249,2.3962,32,31,17250,49,87,1356,0.9292,0.5632,-0.4588
1670,7,11,3,206,2.3139,41,21,25181,104,143,1632,0.5919,0.5264,-0.045
1671,7,11,3,282,2.4502,38,27,30746,77,126,1356,0.9277,0.4427,-0.1482
1672,7,11,3,206,2.3139,27,28,22484,95,127,1614,0.3928,0.6321,-0.1473
1673,7,17,3,250,2.3979,16,65,28818,106,125,1353,0.7406,0.2308,-0.0994
1674,7,14,2,170,2.2304,28,33,16182,84,109,1333,0.0345,0.4276,-0.2563
1675,7,7,2,71,1.8513,13,11,7264,84,118,1623,0.5089,0.5035,-0.2007
1676,7,3,4,1241,3.0938,183,102,22191,0,37,1650,0.5867,0.6763,-0.8603
1677,7,3,2,60,1.7781,26,4,7043,111,127,1654,0.2817,0.4231,-0.0829
1678,7,3,2,65,1.8129,15,11,7193,102,124,1648,0.1201,0.4091,-0.1355
1679,7,17,3,265,2.4232,74,46,32153,114,134,1692,0.6324,0.5598,-0.0521
1680,7,7,4,1970,3.2945,210,181,29002,0,39,1346,0.0906,0.6521,-0.885
1681,7,14,3,235,2.3711,43,45,27135,106,127,1362,0.4126,0.6179,-0.0979
1682,7,14,2,91,1.959,16,16,9860,103,118,1364,0.2243,0.3933,-0.1535
1683,7,28,4,3042,3.4832,198,284,262543,70,103,1360,0.0485,0.83,-0.3257
1684,7,28,4,2691,3.4299,204,209,275133,89,124,1356,0.0826,0.5232,-0.2012
1685,7,28,4,1126,3.0515,88,115,118631,93,119,1360,0.075,0.5496,-0.1769
1686,7,28,2,51,1.7076,15,13,6335,117,134,1358,0.0736,0.4205,-0.0296
1687,7,28,2,69,1.8389,19,13,8813,118,141,1358,0.1075,0.4524,-0.0022
1688,7,28,4,2822,3.4506,102,127,275539,79,124,1360,0.0721,0.3213,-0.2372
1689,7,28,2,62,1.7924,24,14,7716,117,134,1360,0.0662,0.5441,-0.0277
1690,7,28,5,8035,3.905,189,214,782154,80,134,1360,0.1441,0.4289,-0.2395
1691,7,28,2,64,1.8062,21,9,6613,94,119,1360,0.1294,0.4074,-0.1928
1692,7,28,4,1760,3.2455,174,180,178588,87,124,1360,0.0559,0.6154,-0.2073
1693,7,28,4,1170,3.0682,99,174,67967,29,93,1362,0.0279,0.2308,-0.5462
1694,7,28,5,6156,3.7893,233,211,543449,69,109,1362,0.1057,0.4378,-0.3103
1695,7,28,2,104,2.017,29,18,11981,108,125,1362,0.3025,0.5048,-0.1
1696,7,28,3,414,2.617,57,78,36600,78,101,1360,0.4368,0.5577,-0.3093
1697,7,29,2,160,2.2041,22,29,12173,70,86,1394,0.7446,0.3416,-0.4056
1698,7,29,3,938,2.9722,102,112,80754,75,95,1392,0.4095,0.4315,-0.3274
1699,7,29,3,407,2.6096,42,63,38223,84,108,1394,0.7331,0.453,-0.2663
1700,7,29,3,500,2.699,83,76,49038,86,110,1392,0.7831,0.497,-0.2338
1701,7,29,2,188,2.2742,43,36,17560,86,101,1392,0.2917,0.5747,-0.2703
1702,7,29,3,532,2.7259,75,73,54451,94,111,1392,0.1638,0.571,-0.2004
1703,7,29,3,952,2.9786,79,90,83708,77,103,1394,0.2984,0.4529,-0.3131
1704,7,29,4,1499,3.1758,168,174,156200,90,119,1392,0.1825,0.5226,-0.1859
1705,7,29,4,1006,3.0026,120,96,116653,104,127,1392,0.7471,0.5223,-0.0941
1706,7,29,4,1275,3.1055,96,112,125462,84,117,1394,0.6327,0.4326,-0.2312
1707,7,29,4,1994,3.2997,214,220,236010,104,135,1394,0.208,0.6241,-0.0753
1708,7,29,4,3297,3.5181,367,270,414252,113,143,1394,0.1621,0.5757,-0.0184
1709,7,29,4,2281,3.3581,365,268,287273,113,143,1394,0.1621,0.676,-0.0161
1710,7,29,4,1058,3.0245,142,151,132331,112,143,1396,0.7736,0.6541,-0.0228
1711,7,17,2,103,2.0128,28,13,10477,95,111,1690,0.3669,0.3977,-0.2053
1712,7,17,2,160,2.2041,40,18,20199,117,140,1690,0.458,0.5556,-0.0137
1713,7,23,2,182,2.2601,22,18,14763,72,93,1630,0.9411,0.4052,-0.3663
1714,7,14,3,347,2.5403,43,51,37960,95,127,1362,0.069,0.3848,-0.1453
1715,7,14,2,110,2.0414,21,16,20245,178,197,1387,0.7094,0.4388,0.4379
1716,7,14,2,145,2.1614,61,35,19450,128,143,1387,0.7772,0.6338,0.0479
1717,7,14,2,146,2.1644,38,22,19116,124,140,1387,0.2278,0.548,0.0229
1718,7,14,2,140,2.1461,18,20,16070,103,126,1387,0.013,0.3269,-0.1032
1719,7,14,3,205,2.3117,14,34,21556,92,119,1387,0.013,0.2931,-0.1785
1720,7,14,3,226,2.3541,23,27,23587,86,119,1387,0.013,0.4053,-0.1846
1721,7,14,2,113,2.0531,13,20,11635,94,116,1387,0.0115,0.3722,-0.1956
1722,7,14,2,151,2.179,21,18,16849,104,119,1387,0.0216,0.4102,-0.1283
1723,7,14,2,132,2.1206,18,20,14926,105,124,1387,0.0216,0.5913,-0.1166
1724,7,14,3,230,2.3617,17,24,26034,93,127,1387,0.0188,0.3611,-0.1157
1725,7,14,2,110,2.0414,9,21,11570,93,118,1387,0.0072,0.3452,-0.1783
1726,7,14,2,158,2.1987,18,22,17923,106,125,1373,0.0291,0.3471,-0.1138
1727,7,14,2,166,2.2201,17,22,18656,104,119,1373,0.0218,0.461,-0.122
1728,7,14,2,133,2.1239,18,14,14132,77,119,1387,0.0072,0.3982,-0.1699
1729,7,14,2,128,2.1072,17,21,14278,104,119,1373,0.0218,0.5188,-0.1285
1730,7,14,3,217,2.3365,18,23,22124,53,125,1373,0.0073,0.3219,-0.2035
1731,7,14,2,127,2.1038,15,19,14830,111,127,1373,0.0189,0.412,-0.0877
1732,7,14,2,117,2.0682,11,15,12317,86,124,1373,0.0131,0.22,-0.1776
1733,7,14,2,114,2.0569,16,15,13193,110,125,1373,0.0277,0.3736,-0.0959
1734,7,14,2,140,2.1461,13,23,14835,82,124,1373,0.0131,0.3939,-0.1722
1735,7,14,2,141,2.1492,12,19,15646,105,124,1373,0.0146,0.3472,-0.1331
1736,7,14,2,130,2.1139,13,17,12480,61,119,1373,0.0073,0.3229,-0.25
1737,7,14,2,128,2.1072,12,42,11931,75,118,1373,0.0131,0.3905,-0.2718
1738,7,3,2,65,1.8129,28,8,8344,118,143,1648,0.9685,0.5185,0.0029
1739,7,7,2,106,2.0253,19,15,8602,63,95,1654,0.0931,0.3576,-0.366
1740,7,14,3,243,2.3856,43,34,27326,104,126,1602,0.6005,0.5909,-0.1215
1741,7,14,3,294,2.4683,69,41,35659,116,128,1602,0.4657,0.3636,-0.0524
1742,7,14,3,373,2.5717,61,42,42582,107,127,1604,0.6733,0.4208,-0.1081
1743,7,14,3,203,2.3075,40,31,26321,121,141,1600,0.405,0.5489,0.013
1744,7,14,2,152,2.1818,36,23,19464,121,140,1600,0.4275,0.587,0.0004
1745,7,13,3,359,2.5551,71,43,31349,73,116,1360,0.7,0.7341,-0.3178
1746,7,13,2,54,1.7324,12,11,4761,79,102,1358,0.6451,0.4,-0.3112
1747,7,7,2,162,2.2095,37,34,18471,104,127,1623,0.5373,0.6836,-0.1092
1748,7,14,4,2059,3.3137,134,200,374117,169,199,1387,0.4686,0.6823,0.4195
1749,7,14,4,1981,3.2969,219,206,230693,104,127,1387,0.8724,0.8888,-0.0902
1750,7,4,2,67,1.8261,15,16,7882,107,127,1354,0.1536,0.4417,-0.0809
1751,7,4,3,838,2.9232,67,80,85442,90,119,1358,0.0795,0.4749,-0.2034
1752,7,4,2,59,1.7708,11,9,5637,86,103,1356,0.2227,0.3444,-0.2536
1753,7,4,3,624,2.7952,72,67,61079,85,118,1356,0.1047,0.6061,-0.2353
1754,7,4,2,80,1.9031,23,13,10030,113,140,1358,0.1738,0.6078,-0.0205
1755,7,4,2,55,1.7404,13,12,6782,114,135,1354,0.1226,0.4444,-0.0366
1756,7,4,2,62,1.7924,13,14,6764,97,126,1358,0.109,0.2619,-0.1477
1757,7,4,2,70,1.8451,19,14,8127,104,127,1356,0.1431,0.3636,-0.093
1758,7,4,2,77,1.8865,25,10,6702,76,101,1354,0.1359,0.5217,-0.32
1759,7,4,3,543,2.7348,81,46,58157,93,119,1350,0.6785,0.6703,-0.1633
1760,7,4,2,86,1.9345,17,19,9690,102,123,1350,0.117,0.3534,-0.1197
1761,7,4,3,529,2.7235,47,32,58088,91,133,1354,0.7991,0.43,-0.1421
1762,7,22,3,463,2.6656,69,54,60518,118,141,1360,0.1147,0.4212,0.0212
1763,7,25,3,563,2.7505,109,59,66987,107,135,1358,0.1399,0.7074,-0.0705
1764,7,25,3,289,2.4609,64,37,34165,109,133,1358,0.19,0.583,-0.0764
1765,7,25,3,366,2.5635,59,42,42778,107,134,1358,0.19,0.6383,-0.0869
1766,7,25,3,206,2.3139,34,18,23642,101,127,1358,0.2106,0.4029,-0.1034
1767,7,15,3,269,2.4297,49,33,31538,109,127,1364,0.6305,0.707,-0.084
1768,7,15,3,236,2.3729,52,32,28625,112,133,1364,0.6994,0.487,-0.0524
1769,7,15,3,238,2.3766,56,31,30361,118,140,1364,0.6906,0.4529,-0.0034
1770,7,15,3,243,2.3856,24,25,31245,118,140,1364,0.7067,0.4187,0.0045
1771,7,15,3,337,2.5276,57,43,43551,119,143,1362,0.7797,0.6903,0.0096
1772,7,15,3,254,2.4048,42,25,31667,116,135,1362,0.6535,0.4664,-0.026
1773,7,15,3,212,2.3263,56,37,27232,119,142,1364,0.7273,0.7558,0.0035
1774,7,15,3,361,2.5575,51,35,46442,121,143,1362,0.6417,0.5225,0.0051
1775,7,14,2,128,2.1072,29,16,13352,96,116,1360,0.4985,0.4386,-0.1851
1776,7,14,2,128,2.1072,29,16,13352,96,116,1358,0.5052,0.4386,-0.1851
1777,7,14,3,649,2.8122,110,71,61937,85,117,1360,0.1162,0.6346,-0.2544
1778,7,14,3,288,2.4594,62,34,27785,84,127,1356,0.2183,0.5844,-0.2463
1779,7,14,3,434,2.6375,76,51,47440,97,127,1358,0.2371,0.5129,-0.146
1780,7,14,3,383,2.5832,91,58,47204,114,140,1354,0.2068,0.6352,-0.0371
1781,7,14,3,203,2.3075,33,23,21098,96,118,1354,0.223,0.4658,-0.188
1782,7,14,4,1666,3.2217,186,121,182339,96,127,1356,0.1209,0.6086,-0.1449
1783,7,14,3,617,2.7903,125,83,75121,113,133,1354,0.1374,0.5785,-0.0488
1784,7,14,3,204,2.3096,68,38,25491,114,141,1358,0.2047,0.6736,-0.0238
1785,7,14,2,160,2.2041,55,32,19189,112,135,1356,0.1195,0.5322,-0.063
1786,7,14,2,146,2.1644,25,18,16579,105,127,1356,0.2935,0.4511,-0.1129
1787,7,14,3,235,2.3711,36,23,23782,87,119,1356,0.1313,0.411,-0.2094
1788,7,14,2,106,2.0253,12,13,12235,107,124,1387,0.3115,0.2639,-0.0983
1789,7,7,2,54,1.7324,9,14,6167,106,127,1358,0.0766,0.449,-0.1078
1790,7,7,2,56,1.7482,16,8,7105,118,140,1360,0.3132,0.4286,-0.0088
1791,7,7,4,1182,3.0726,87,71,130201,96,127,1360,0.3074,0.4627,-0.1394
1792,7,8,2,66,1.8195,10,9,7683,101,130,1362,0.4611,0.1852,-0.0905
1793,7,8,4,4758,3.6774,307,377,517021,42,143,1364,0.8226,0.4727,-0.1511
1794,7,8,2,84,1.9243,13,16,9791,104,130,1362,0.1586,0.4167,-0.0894
1795,7,8,2,67,1.8261,11,8,7164,92,124,1362,0.2144,0.1625,-0.1646
1796,7,15,1,35,1.5441,10,8,4277,117,127,1356,0.6195,0.4444,-0.0453
1797,7,13,2,53,1.7243,14,11,4834,79,116,1358,0.4787,0.47,-0.2874
1798,7,13,2,59,1.7708,20,15,5791,87,126,1360,0.5515,0.6509,-0.2332
1799,7,13,2,74,1.8692,22,18,6859,80,116,1358,0.539,0.6373,-0.2759
1800,7,13,2,74,1.8692,19,12,6481,79,103,1358,0.2887,0.3393,-0.3158
1801,7,13,2,68,1.8325,14,10,6049,77,101,1360,0.3338,0.3818,-0.305
1802,7,13,2,73,1.8633,12,16,6996,80,124,1360,0.3853,0.4593,-0.2513
1803,7,13,2,62,1.7924,17,10,6165,87,111,1360,0.4632,0.4259,-0.2232
1804,7,13,2,52,1.716,11,8,5035,81,126,1360,0.4324,0.2778,-0.2435
1805,7,13,2,61,1.7853,30,17,6116,86,124,1360,0.45,0.6919,-0.2167
1806,7,13,2,96,1.9823,25,16,9265,86,126,1358,0.3756,0.4667,-0.246
1807,7,7,2,61,1.7853,14,10,6886,102,123,1623,0.3808,0.4135,-0.1181
1808,7,8,3,240,2.3802,25,22,29699,107,140,1356,0.0354,0.4545,-0.0332
1809,7,9,3,220,2.3424,18,24,20121,52,125,1686,0.1684,0.2642,-0.2855
1810,7,16,1,34,1.5315,14,5,4385,121,143,1366,0.2401,0.3929,0.0076
1811,7,25,2,148,2.1703,19,24,16771,101,133,1362,0.5609,0.3148,-0.1147
1812,7,14,2,103,2.0128,51,20,13657,124,141,1358,0.9102,0.7524,0.0359
1813,7,14,2,55,1.7404,13,13,6302,107,126,1354,0.966,0.3956,-0.1048
1814,7,7,3,365,2.5623,39,40,39229,91,126,1710,0.7322,0.4495,-0.1603
1815,7,7,2,109,2.0374,15,18,12587,103,135,1708,0.644,0.2431,-0.0978
1816,7,12,1,36,1.5563,9,13,2765,64,93,1694,0.0673,0.6044,-0.4
1817,7,22,2,68,1.8325,15,14,7859,106,127,1364,0.2757,0.1905,-0.0971
1818,7,25,2,85,1.9294,12,18,8495,88,124,1366,0.8975,0.3254,-0.2192
1819,7,19,2,126,2.1004,16,20,14429,103,132,1364,0.7771,0.3,-0.1053
1820,7,17,2,101,2.0043,27,27,11776,104,133,1694,0.6576,0.5324,-0.0891
1821,7,14,3,583,2.7657,75,125,60497,89,126,1366,0.0791,0.417,-0.1893
1822,7,13,2,92,1.9638,12,13,4690,29,71,1356,0.5074,0.3566,-0.6017
1823,7,13,2,131,2.1173,16,13,7119,33,78,1354,0.4402,0.2202,-0.5754
1824,7,13,2,135,2.1303,19,20,7015,36,71,1356,0.0619,0.3864,-0.594
1825,7,28,2,83,1.9191,16,27,14187,161,181,1353,0.5041,0.5257,0.3354
1826,7,28,1,39,1.5911,11,7,4642,110,134,1353,0.0192,0.2909,-0.0701
1827,7,28,1,32,1.5051,9,4,6356,191,207,1353,0.2661,0.1111,0.5518
1828,7,28,1,42,1.6233,12,10,8361,190,207,1353,0.2779,0.4545,0.5552
1829,7,28,2,119,2.0756,19,19,22198,179,197,1353,0.1863,0.399,0.4573
1830,7,28,1,36,1.5563,8,9,6430,172,189,1353,0.2306,0.4286,0.3954
1831,7,28,2,64,1.8062,12,17,9996,147,166,1353,0.0369,0.3726,0.2202
1832,7,28,1,42,1.6233,12,15,7658,175,190,1353,0.1508,0.5,0.4245
1833,7,28,2,57,1.7559,11,12,10612,179,197,1353,0.9534,0.4242,0.4545
1834,7,28,1,34,1.5315,9,12,5942,167,182,1353,0.1936,0.5584,0.3654
1835,7,28,1,39,1.5911,11,8,6999,172,189,1353,0.1478,0.3036,0.402
1836,7,28,3,301,2.4786,38,46,51176,160,182,1353,0.1183,0.4211,0.3283
1837,7,19,2,105,2.0212,17,21,16675,151,172,1353,0.1596,0.4167,0.2407
1838,7,19,2,126,2.1004,21,29,23023,173,196,1353,0.235,0.4299,0.4275
1839,7,19,2,102,2.0086,17,10,17813,162,189,1353,0.0591,0.3625,0.3643
1840,7,19,3,225,2.3522,51,57,33183,133,165,1353,0.0236,0.5464,0.1522
1841,7,19,2,130,2.1139,33,36,25944,192,212,1353,0.507,0.5185,0.5591
1842,7,19,2,121,2.0828,27,32,19974,151,175,1353,0.1641,0.5364,0.2896
1843,7,19,2,116,2.0645,18,28,19935,162,181,1353,0.1626,0.3862,0.3426
1844,7,19,2,101,2.0043,10,17,16669,153,175,1353,0.1641,0.3688,0.2894
1845,7,19,2,155,2.1903,25,28,24156,145,167,1353,0.1493,0.4129,0.2175
1846,7,19,2,137,2.1367,18,26,23072,161,175,1353,0.5647,0.452,0.3157
1847,7,19,3,227,2.356,22,38,32920,135,158,1353,0.3917,0.4569,0.133
1848,7,19,2,145,2.1614,18,39,20557,132,151,1353,0.1818,0.5525,0.1076
1849,7,19,2,111,2.0453,14,27,16728,144,158,1353,0.6031,0.3901,0.1774
1850,7,19,2,117,2.0682,19,24,16891,135,156,1353,0.3208,0.3641,0.1279
1851,7,19,2,108,2.0334,20,22,16455,145,159,1353,0.1523,0.4,0.1903
1852,7,19,2,116,2.0645,33,32,18402,150,172,1353,0.3237,0.536,0.2394
1853,7,4,2,53,1.7243,6,12,3202,40,86,1692,0.0047,0.2639,-0.528
1854,7,4,2,60,1.7781,40,4,7750,102,164,1690,0.7325,0.25,0.0091
1855,7,4,2,98,1.9912,12,19,5702,40,84,1692,0.0024,0.2632,-0.5454
1856,7,4,2,63,1.7993,28,7,7045,80,156,1690,0.0,0.2222,-0.1264
1857,7,4,2,52,1.716,21,4,5644,56,151,1690,0.0,0.1746,-0.152
1858,7,4,2,92,1.9638,42,15,10838,72,198,1690,0.1657,0.2698,-0.0796
1859,7,4,2,86,1.9345,23,18,6442,28,101,1692,0.0059,0.6587,-0.4148
1860,7,4,2,95,1.9777,14,12,5714,24,93,1692,0.0047,0.2803,-0.5301
1861,7,4,2,81,1.9085,14,12,4712,14,87,1692,0.0047,0.3864,-0.5455
1862,7,4,2,54,1.7324,22,3,6479,87,158,1692,0.0213,0.1818,-0.0626
1863,7,4,3,795,2.9004,333,62,95390,77,167,1692,0.0284,0.2042,-0.0626
1864,7,4,2,52,1.716,22,8,6105,80,159,1692,0.8475,0.2121,-0.0828
1865,7,4,2,68,1.8325,32,11,8808,95,166,1692,0.0721,0.2917,0.012
1866,7,4,2,51,1.7076,22,5,6299,99,148,1690,0.0592,0.2273,-0.0351
1867,7,4,2,65,1.8129,40,3,8355,85,165,1688,0.0415,0.1875,0.0042
1868,7,4,2,86,1.9345,34,7,11010,52,191,1690,0.3112,0.1569,0.0002
1869,7,4,2,55,1.7404,11,12,4727,80,93,1690,0.0237,0.4271,-0.3286
1870,7,4,2,173,2.238,68,11,21612,65,174,1692,0.3345,0.152,-0.024
1871,7,4,2,76,1.8808,13,10,7943,79,125,1688,0.5035,0.24,-0.1835
1872,7,4,2,56,1.7482,12,9,6345,102,127,1692,0.3794,0.3778,-0.1148
1873,7,4,2,58,1.7634,29,10,7618,100,165,1690,0.0746,0.3333,0.0261
1874,7,4,2,53,1.7243,32,7,6578,84,159,1690,0.129,0.4479,-0.0304
1875,7,4,2,59,1.7708,42,8,7281,97,150,1690,0.9361,0.5318,-0.0359
1876,7,4,2,64,1.8062,32,7,9247,92,190,1692,0.6773,0.3333,0.1288
1877,7,4,2,54,1.7324,38,2,7498,101,180,1362,0.0279,0.2895,0.0848
1878,7,3,3,209,2.3201,62,37,28592,121,151,1370,0.4672,0.57,0.0688
1879,7,3,2,156,2.1931,39,24,17756,101,127,1370,0.5839,0.563,-0.1108
1880,7,3,2,55,1.7404,19,6,7484,122,150,1372,0.3018,0.3889,0.0631
1881,7,3,2,74,1.8692,32,12,9115,110,141,1366,0.3002,0.6783,-0.0377
1882,7,3,2,51,1.7076,12,9,6193,107,143,1364,0.1202,0.4205,-0.0513
1883,7,3,2,77,1.8865,18,11,9329,112,134,1650,0.0509,0.2451,-0.0535
1884,7,3,2,83,1.9191,26,13,10583,115,143,1650,0.2206,0.5389,-0.0039
1885,7,10,2,91,1.959,14,17,7263,64,102,1688,0.0107,0.4647,-0.3765
1886,7,10,1,35,1.5441,14,10,2388,51,87,1686,0.0047,0.5625,-0.467
1887,7,10,2,167,2.2227,23,33,10526,35,84,1688,0.0047,0.4377,-0.5076
1888,7,10,2,194,2.2878,40,33,12773,35,86,1688,0.0047,0.4121,-0.4856
1889,7,9,1,35,1.5441,13,7,4538,118,140,1658,0.895,0.2045,0.013
1890,7,9,2,133,2.1239,35,20,17085,112,142,1658,0.6972,0.6818,0.0036
1891,7,9,4,1973,3.2951,134,80,240091,105,140,1658,0.345,0.4639,-0.0493
1892,7,7,2,69,1.8389,19,12,8701,113,142,1652,0.1489,0.4927,-0.0148
1893,7,7,2,143,2.1553,36,25,17042,109,135,1668,0.1103,0.48,-0.0689
1894,7,7,2,126,2.1004,33,22,16498,116,148,1666,0.3241,0.5368,0.0229
1895,7,7,3,207,2.316,34,23,26766,114,143,1668,0.9269,0.4313,0.0102
1896,7,7,3,860,2.9345,57,44,95173,91,132,1708,0.6405,0.4622,-0.1354
1897,7,7,3,339,2.5302,79,40,39556,104,132,1710,0.1474,0.4978,-0.0884
1898,7,9,2,55,1.7404,19,6,7211,114,150,1694,0.8158,0.2763,0.0243
1899,7,9,3,381,2.5809,91,47,48528,111,143,1694,0.294,0.5734,-0.0049
1900,7,9,2,53,1.7243,17,8,6697,110,143,1692,0.9173,0.4479,-0.0128
1901,7,9,2,67,1.8261,29,12,8140,102,141,1692,0.9834,0.5347,-0.0508
1902,7,9,2,76,1.8808,22,10,9934,109,148,1692,0.7612,0.483,0.0212
1903,7,9,2,73,1.8633,28,14,9247,111,143,1692,0.4634,0.416,-0.0104
1904,7,9,2,102,2.0086,42,22,12942,114,141,1694,0.8135,0.7273,-0.0087
1905,7,22,1,24,1.3802,10,5,3166,124,140,1364,0.5484,0.4,0.0306
1906,7,14,2,60,1.7781,20,14,7508,117,135,1364,0.2874,0.4872,-0.0224
1907,7,14,2,95,1.9777,33,22,12566,124,143,1362,0.1792,0.5602,0.0334
1908,7,14,2,63,1.7993,20,14,8140,118,141,1364,0.2771,0.6539,0.0094
1909,7,14,2,137,2.1367,50,27,17621,120,140,1364,0.3123,0.5243,0.0049
1910,7,14,2,60,1.7781,23,18,7914,124,143,1364,0.5059,0.7059,0.0305
1911,7,14,2,149,2.1732,49,29,19691,122,143,1360,0.1779,0.5755,0.0325
1912,7,14,3,268,2.4281,98,55,35565,125,143,1364,0.2669,0.6813,0.0368
1913,7,14,2,94,1.9731,30,18,11877,117,143,1366,0.3997,0.624,-0.0129
1914,7,14,2,67,1.8261,22,16,8596,120,143,1362,0.5712,0.5621,0.0023
1915,7,14,2,54,1.7324,23,16,7145,125,143,1362,0.721,0.6,0.0337
1916,7,14,2,83,1.9191,28,20,10345,115,141,1362,0.8429,0.696,-0.0263
1917,7,14,2,75,1.8751,27,17,9948,125,143,1364,0.2258,0.5833,0.0362
1918,7,14,3,318,2.5024,39,32,39911,116,140,1364,0.4032,0.3026,-0.0195
1919,7,14,3,204,2.3096,38,22,23155,105,126,1362,0.3979,0.4632,-0.1132
1920,7,14,3,209,2.3201,66,46,27037,118,143,1362,0.3142,0.5778,0.0106
1921,7,14,3,329,2.5172,61,37,41053,115,140,1362,0.3965,0.5176,-0.0251
1922,7,14,3,281,2.4487,43,28,31838,104,126,1362,0.0308,0.5497,-0.1148
1923,7,14,2,170,2.2304,42,20,19738,107,125,1364,0.0337,0.5278,-0.0929
1924,7,14,3,277,2.4425,52,42,33476,113,128,1362,0.0308,0.602,-0.0558
1925,7,14,3,201,2.3032,46,28,23925,112,126,1364,0.0308,0.5145,-0.0701
1926,7,27,2,68,1.8325,26,18,8717,120,141,1366,0.4436,0.6222,0.0015
1927,7,27,2,97,1.9868,24,23,12775,123,142,1364,0.2346,0.5591,0.0289
1928,7,25,3,452,2.6551,44,26,42686,65,117,1366,0.0322,0.559,-0.2622
1929,7,14,3,240,2.3802,47,18,30130,118,140,1360,0.1912,0.3862,-0.0192
1930,7,14,3,235,2.3711,36,22,29911,119,142,1360,0.3632,0.5053,-0.0056
1931,7,14,3,209,2.3201,67,30,26833,119,141,1360,0.7691,0.6042,0.003
1932,7,14,3,299,2.4757,51,22,37820,116,140,1360,0.3515,0.4463,-0.0118
1933,7,14,3,355,2.5502,116,58,46882,123,143,1360,0.5397,0.6414,0.0317
1934,7,14,3,304,2.4829,59,26,35778,111,126,1360,0.2015,0.5152,-0.0805
1935,7,14,3,671,2.8267,91,39,86424,119,143,1360,0.35,0.5109,0.0062
1936,7,14,3,273,2.4362,54,22,35033,119,141,1360,0.3662,0.3906,0.0026
1937,7,14,3,287,2.4579,44,24,34599,112,133,1360,0.2118,0.4554,-0.0582
1938,7,14,3,292,2.4654,40,22,37572,120,140,1360,0.2132,0.3287,0.0052
1939,7,14,3,419,2.6222,97,47,52715,117,140,1360,0.2015,0.5904,-0.0171
1940,7,5,2,103,2.0128,26,22,11682,101,133,1360,0.1162,0.6781,-0.1139
